[Licensing::Module] Trying to connect to existing licensing client channel...
Built from '6000.3/staging' branch; Version is '6000.3.19f1 (7689f4515d75) revision 7768564'; Using compiler version '194234433'; Build Type 'Release'
OS: 'Windows 11  (10.0.26200) Professional' Language: 'en' Physical Memory: 16232 MB
[Licensing::IpcConnector] Successfully connected to: "LicenseClient-USER" at "2026-08-25T00:24:53.3077479Z"
BatchMode: 1, IsHumanControllingUs: 0, StartBugReporterOnCrash: 0, Is64bit: 1
System  architecture: x64
Process architecture: x64
Date: 2026-08-25T00:24:53Z

COMMAND LINE ARGUMENTS:
C:\Program Files\Unity\Hub\Editor\6000.3.19f1\Editor\Unity.exe
-adb2
-batchMode
-noUpm
-name
AssetImportWorker2
-projectPath
C:/Users/USER/Downloads/FAKE-Team11-Game-Dev-main/FAKE-Team11-Game-Dev-main
-logFile
Logs/AssetImportWorker2.log
-srvPort
53056
-parentPid
3540
-analyticsCloudUserId
18968433893943
-analyticsCloudProjectId
e28f1e98-9384-42f6-9f77-92c5a4ac57df
-analyticsLocalProjectId
54d957e6eec10d24a87400701404ea9f
-licensingIpc
LicenseClient-USER
-job-worker-count
5
-background-job-worker-count
8
-gc-helper-count
1
-name
AssetImport
Successfully changed project path to: C:/Users/USER/Downloads/FAKE-Team11-Game-Dev-main/FAKE-Team11-Game-Dev-main
C:/Users/USER/Downloads/FAKE-Team11-Game-Dev-main/FAKE-Team11-Game-Dev-main
[UnityMemory] Configuration Parameters - Can be set up in boot.config
    "memorysetup-temp-allocator-size-nav-mesh-worker=65536"
    "memorysetup-temp-allocator-size-audio-worker=65536"
    "memorysetup-temp-allocator-size-gfx=262144"
    "memorysetup-allocator-temp-initial-block-size-main=262144"
    "memorysetup-allocator-temp-initial-block-size-worker=262144"
    "memorysetup-temp-allocator-size-background-worker=32768"
    "memorysetup-temp-allocator-size-job-worker=262144"
    "memorysetup-temp-allocator-size-preload-manager=33554432"
    "memorysetup-temp-allocator-size-gi-baking-worker=262144"
    "memorysetup-temp-allocator-size-gi-baking-worker=262144"
    "memorysetup-temp-allocator-size-gi-baking-worker=262144"
    "memorysetup-temp-allocator-size-gi-baking-worker=262144"
    "memorysetup-temp-allocator-size-gi-baking-worker=262144"
    "memorysetup-bucket-allocator-granularity=16"
    "memorysetup-bucket-allocator-bucket-count=8"
    "memorysetup-bucket-allocator-block-size=33554432"
    "memorysetup-bucket-allocator-block-count=8"
    "memorysetup-main-allocator-block-size=16777216"
    "memorysetup-thread-allocator-block-size=16777216"
    "memorysetup-gfx-main-allocator-block-size=16777216"
    "memorysetup-gfx-thread-allocator-block-size=16777216"
    "memorysetup-cache-allocator-block-size=4194304"
    "memorysetup-typetree-allocator-block-size=2097152"
    "memorysetup-profiler-bucket-allocator-granularity=16"
    "memorysetup-profiler-bucket-allocator-bucket-count=8"
    "memorysetup-profiler-bucket-allocator-block-size=33554432"
    "memorysetup-profiler-bucket-allocator-block-count=8"
    "memorysetup-profiler-allocator-block-size=16777216"
    "memorysetup-profiler-editor-allocator-block-size=1048576"
    "memorysetup-temp-allocator-size-main=16777216"
    "memorysetup-job-temp-allocator-block-size=2097152"
    "memorysetup-job-temp-allocator-block-size-background=1048576"
    "memorysetup-job-temp-allocator-reduction-small-platforms=262144"
    "memorysetup-temp-allocator-size-cloud-worker=32768"
Player connection [14812]  Target information:

Player connection [14812]  * "[IP] 192.168.1.120 [Port] 0 [Flags] 2 [Guid] 1932535645 [EditorId] 1932535645 [Version] 1048832 [Id] WindowsEditor(7,NICOLEPC) [Debug] 1 [PackageName] WindowsEditor [ProjectName] Editor" 

Player connection [14812] Host joined multi-casting on [225.0.0.222:54997]...
Player connection [14812] Host joined alternative multi-casting on [225.0.0.222:34997]...
JobSystem: Creating JobQueue using job-worker-count value 5
Input System module state changed to: Initialized.
[Physics::Module] Initialized fallback backend.
[Physics::Module] Id: 0xdecafbad
Library Redirect Path: Library/
[Physics::Module] Selected backend.
[Physics::Module] Name: PhysX
[Physics::Module] Id: 0xf2b8ea05
[Physics::Module] SDK Version: 4.1.2
[Physics::Module] Integration Version: 1.0.0
[Physics::Module] Threading Mode: Multi-Threaded
Refreshing native plugins compatible for Editor in 15.34 ms, found 5 plugins.
Preloading 0 native plugins for Editor in 0.00 ms.
Initialize engine version: 6000.3.19f1 (7689f4515d75)
[Subsystems] Discovering subsystems at path C:/Program Files/Unity/Hub/Editor/6000.3.19f1/Editor/Data/Resources/UnitySubsystems
[Subsystems] Discovering subsystems at path C:/Users/USER/Downloads/FAKE-Team11-Game-Dev-main/FAKE-Team11-Game-Dev-main/Assets
GfxDevice: creating device client; kGfxThreadingModeNonThreaded
d3d12: failed to query info queue interface (0x80004002).
Direct3D:
    Version:         Direct3D 12 [level 12.2]
    Renderer:        NVIDIA GeForce RTX 3050 (ID=0x2507)
    Vendor:          NVIDIA
    VRAM:            8041 MB
    App VRAM Budget: 7273 MB
    Driver:          32.0.15.9186
Initialize mono
Mono path[0] = 'C:/Program Files/Unity/Hub/Editor/6000.3.19f1/Editor/Data/Managed'
Mono path[1] = 'C:/Program Files/Unity/Hub/Editor/6000.3.19f1/Editor/Data/MonoBleedingEdge/lib/mono/unityjit-win32'
Mono config path = 'C:/Program Files/Unity/Hub/Editor/6000.3.19f1/Editor/Data/MonoBleedingEdge/etc'
Using monoOptions --debugger-agent=transport=dt_socket,embedding=1,server=y,suspend=n,address=127.0.0.1:56984
Begin MonoManager ReloadAssembly
[Licensing::Client] Error: HandshakeResponse reported an error:
	ResponseCode: 505
	ResponseStatus: Unsupported protocol version '1.18.1'.
[Licensing::Module] Error: Failed to handshake to channel: "LicenseClient-USER"
[Licensing::IpcConnector] LicenseClient-USER channel disconnected successfully.
[Licensing::IpcConnector] Successfully connected to: "LicenseClient-USER-6000.3.19" at "2026-08-25T00:24:54.7917658Z"
[Licensing::Client] Code 10 while verifying Licensing Client signature (process Id: 19264, path: "C:/Program Files/Unity/Hub/Editor/6000.3.19f1/Editor/Data/Resources/Licensing/Client/Unity.Licensing.Client.exe")
[Licensing::Module] LicensingClient has failed validation; ignoring
[Licensing::Client] Handshaking with LicensingClient:
  Version:                 1.18.1+9fbee8e
  Session Id:              8fbcf67d834f4f78aa3992eae40c303d
  Correlation Id:          de3f54be1c3000fb39a0bb11aada8a88
  External correlation Id: 1946145799087231535
  Machine Id:              L/w0cAuIe54IwW/a+zPMJnOSQGg=
[Licensing::Module] Successfully connected to LicensingClient on channel: "LicenseClient-USER-6000.3.19" (connect: 0.00s, validation: 0.00s, handshake: 0.01s)
[Licensing::IpcConnector] Successfully connected to: "LicenseClient-USER-6000.3.19-notifications" at "2026-08-25T00:24:54.8017365Z"
[Licensing::Module] Licensing Background thread has ended after 1.49s
Registering precompiled unity dll's ...
Register platform support module: C:/Program Files/Unity/Hub/Editor/6000.3.19f1/Editor/Data/PlaybackEngines/WindowsStandaloneSupport/UnityEditor.WindowsStandalone.Extensions.dll
Registered in 0.002476 seconds.
- Loaded All Assemblies, in  0.602 seconds
Native extension for WindowsStandalone target not found
Package Manager log level set to [2]
[Package Manager] Failed to launch server process. Reason: Unity was launched with the -noUpm command-line argument
[Package Manager] Unable to send message (not connected to server process).
[Package Manager] Cannot connect to Unity Package Manager local server
ScheduleIndexationOnStartup MainProcess:False IndexOnStartup:True
Mono: successfully reloaded assembly
- Finished resetting the current domain, in  0.624 seconds
Domain Reload Profiling: 1224ms
	BeginReloadAssembly (230ms)
		ExecutionOrderSort (0ms)
		DisableScriptedObjects (0ms)
		BackupInstance (0ms)
		ReleaseScriptingObjects (0ms)
		CreateAndSetChildDomain (1ms)
	RebuildCommonClasses (53ms)
	RebuildNativeTypeToScriptingClass (18ms)
	initialDomainReloadingComplete (58ms)
	LoadAllAssembliesAndSetupDomain (240ms)
		LoadAssemblies (226ms)
		RebuildTransferFunctionScriptingTraits (0ms)
		AnalyzeDomain (237ms)
			TypeCache.Refresh (235ms)
				TypeCache.ScanAssembly (214ms)
			BuildScriptInfoCaches (0ms)
			ResolveRequiredComponents (1ms)
	FinalizeReload (625ms)
		ReleaseScriptCaches (0ms)
		RebuildScriptCaches (0ms)
		SetupLoadedEditorAssemblies (517ms)
			LogAssemblyErrors (0ms)
			InitializePlatformSupportModulesInManaged (77ms)
			SetLoadedEditorAssemblies (8ms)
			BeforeProcessingInitializeOnLoad (166ms)
			ProcessInitializeOnLoadAttributes (169ms)
			ProcessInitializeOnLoadMethodAttributes (97ms)
			AfterProcessingInitializeOnLoad (0ms)
			EditorAssembliesLoaded (0ms)
		ExecutionOrderSort2 (0ms)
		AwakeInstancesAfterBackupRestoration (0ms)
Assembly reference Packages/com.unity.cinemachine/Editor/Samples/ExposeHDRPInternals/HDRP-Editor-ref.asmref has no target assembly definition
[Licensing::Client] Successfully resolved entitlement details
[Licensing::Module] License group:
  Id: 18968433893943-UnityPersXXXX
  Product: Unity Personal
  Type: Assigned
  Expiration: Unlimited
========================================================================
Worker process is ready to serve import requests
Import Worker Mode flag is 0x00
Assembly reference Packages/com.unity.cinemachine/Editor/Samples/ExposeHDRPInternals/HDRP-Editor-ref.asmref has no target assembly definition
Assembly reference Packages/com.unity.cinemachine/Editor/Samples/ExposeHDRPInternals/HDRP-Editor-ref.asmref has no target assembly definition
Begin MonoManager ReloadAssembly
Symbol file LoadedFromMemory is not a mono symbol file
- Loaded All Assemblies, in 10.789 seconds
Assembly reference Packages/com.unity.cinemachine/Editor/Samples/ExposeHDRPInternals/HDRP-Editor-ref.asmref has no target assembly definition
'Packages/com.unity.cinemachine/Editor/Obsolete/CinemachineVirtualCameraBaseEditor.cs' contains partial class of Unity.Object, exactly 1 of the partial classes needs to be in a file with the same filename. This is to know the one that can be referenced from ie. GameObjects
'Packages/com.unity.cinemachine/Editor/Editors/CinemachineVirtualCameraBaseEditor.cs' contains partial class of Unity.Object, exactly 1 of the partial classes needs to be in a file with the same filename. This is to know the one that can be referenced from ie. GameObjects
Refreshing native plugins compatible for Editor in 4.92 ms, found 5 plugins.
Native extension for WindowsStandalone target not found
Assembly reference Packages/com.unity.cinemachine/Editor/Samples/ExposeHDRPInternals/HDRP-Editor-ref.asmref has no target assembly definition
[Package Manager] Failed to launch server process. Reason: Unity was launched with the -noUpm command-line argument
[Package Manager] Unable to send message (not connected to server process).
[Package Manager] Cannot connect to Unity Package Manager local server
[Package Manager] Failed to launch server process. Reason: Unity was launched with the -noUpm command-line argument
[Package Manager] Unable to send message (not connected to server process).
[Package Manager] Cannot connect to Unity Package Manager local server
[Package Manager] Failed to launch server process. Reason: Unity was launched with the -noUpm command-line argument
[Package Manager] Unable to send message (not connected to server process).
[Package Manager] Cannot connect to Unity Package Manager local server
Refreshing native plugins compatible for Editor in 2.17 ms, found 5 plugins.
ScheduleIndexationOnStartup MainProcess:False IndexOnStartup:True
Mono: successfully reloaded assembly
- Finished resetting the current domain, in  1.185 seconds
Domain Reload Profiling: 11966ms
	BeginReloadAssembly (214ms)
		ExecutionOrderSort (0ms)
		DisableScriptedObjects (5ms)
		BackupInstance (0ms)
		ReleaseScriptingObjects (0ms)
		CreateAndSetChildDomain (38ms)
	RebuildCommonClasses (42ms)
	RebuildNativeTypeToScriptingClass (15ms)
	initialDomainReloadingComplete (49ms)
	LoadAllAssembliesAndSetupDomain (10461ms)
		LoadAssemblies (9950ms)
		RebuildTransferFunctionScriptingTraits (0ms)
		AnalyzeDomain (625ms)
			TypeCache.Refresh (348ms)
				TypeCache.ScanAssembly (315ms)
			BuildScriptInfoCaches (239ms)
			ResolveRequiredComponents (25ms)
	FinalizeReload (1185ms)
		ReleaseScriptCaches (0ms)
		RebuildScriptCaches (0ms)
		SetupLoadedEditorAssemblies (972ms)
			LogAssemblyErrors (0ms)
			InitializePlatformSupportModulesInManaged (2ms)
			SetLoadedEditorAssemblies (6ms)
			BeforeProcessingInitializeOnLoad (255ms)
			ProcessInitializeOnLoadAttributes (538ms)
			ProcessInitializeOnLoadMethodAttributes (166ms)
			AfterProcessingInitializeOnLoad (5ms)
			EditorAssembliesLoaded (1ms)
		ExecutionOrderSort2 (0ms)
		AwakeInstancesAfterBackupRestoration (6ms)
Launched and connected shader compiler UnityShaderCompiler.exe after 0.02 seconds
Refreshing native plugins compatible for Editor in 1.95 ms, found 5 plugins.
Preloading 0 native plugins for Editor in 0.00 ms.
Unloading 17 Unused Serialized files (Serialized files now loaded: 0)
Curl error 3: URL rejected: Malformed input to a URL function
Unloading 7999 unused Assets / (5.9 MB). Loaded Objects now: 8820.
Memory consumption went from 166.0 MB to 160.1 MB.
Total: 15.365200 ms (FindLiveObjects: 0.902100 ms CreateObjectMapping: 1.711300 ms MarkObjects: 7.674700 ms  DeleteObjects: 5.075700 ms)

========================================================================
Received Import Request.
  Time since last request: 2114.812563 seconds.
  path: Assets/Script/ScrollTexture.cs
  artifactKey: Guid(b6f489cd4af2eeb479a4ed2d25c24cd0) Importer(2089858483,b0f066a214c2f5e87bad3c948f4d605d)
Start importing Assets/Script/ScrollTexture.cs using Guid(b6f489cd4af2eeb479a4ed2d25c24cd0) Importer(2089858483,b0f066a214c2f5e87bad3c948f4d605d) (ScriptedImporter) -> (artifact id: '22a8ca4b61a4ccd1218c6130947c4df9') in 0.1032309 seconds
Number of updated asset objects reloaded before import = 0Number of asset objects unloaded after import = 0

========================================================================
Received Import Request.
  Time since last request: 0.000018 seconds.
  path: Assets/Script/CoatHanger.cs
  artifactKey: Guid(5140db4694b5961468934ef651868690) Importer(2089858483,b0f066a214c2f5e87bad3c948f4d605d)
Start importing Assets/Script/CoatHanger.cs using Guid(5140db4694b5961468934ef651868690) Importer(2089858483,b0f066a214c2f5e87bad3c948f4d605d) (ScriptedImporter) -> (artifact id: '760866c79a1ea8d6fe99e5fce8af1042') in 0.010496 seconds
Number of updated asset objects reloaded before import = 0Number of asset objects unloaded after import = 0

========================================================================
Received Import Request.
  Time since last request: 0.000024 seconds.
  path: Assets/Script/StickyNote.cs
  artifactKey: Guid(18f0186506a6f24478113c8d63c187db) Importer(2089858483,b0f066a214c2f5e87bad3c948f4d605d)
Start importing Assets/Script/StickyNote.cs using Guid(18f0186506a6f24478113c8d63c187db) Importer(2089858483,b0f066a214c2f5e87bad3c948f4d605d) (ScriptedImporter) -> (artifact id: 'c7ce7b498504804329381e27d745f76a') in 0.0104324 seconds
Number of updated asset objects reloaded before import = 0Number of asset objects unloaded after import = 0

========================================================================
Received Import Request.
  Time since last request: 0.000025 seconds.
  path: Assets/Settings/Lit2DSceneTemplate.scenetemplate
  artifactKey: Guid(d03ed43fc9d8a4f2e9fa70c1c7916eb9) Importer(2089858483,b0f066a214c2f5e87bad3c948f4d605d)
Start importing Assets/Settings/Lit2DSceneTemplate.scenetemplate using Guid(d03ed43fc9d8a4f2e9fa70c1c7916eb9) Importer(2089858483,b0f066a214c2f5e87bad3c948f4d605d) (ScriptedImporter) -> (artifact id: '4643ce8603ec4f561b74d837e11b429e') in 0.0801663 seconds
Number of updated asset objects reloaded before import = 0Number of asset objects unloaded after import = 3

========================================================================
Received Import Request.
  Time since last request: 0.000018 seconds.
  path: Assets/Animation/PigeonEat.anim
  artifactKey: Guid(d4046f393e577e544ab6b17540625ef9) Importer(2089858483,b0f066a214c2f5e87bad3c948f4d605d)
Start importing Assets/Animation/PigeonEat.anim using Guid(d4046f393e577e544ab6b17540625ef9) Importer(2089858483,b0f066a214c2f5e87bad3c948f4d605d) (ScriptedImporter) -> (artifact id: 'fd94792f1b8dcf5b4a0f62392d3c3039') in 0.0294733 seconds
Number of updated asset objects reloaded before import = 0Number of asset objects unloaded after import = 1

========================================================================
Received Import Request.
  Time since last request: 0.000019 seconds.
  path: Assets/Sprites/Sqaure.png
  artifactKey: Guid(8f337532f701a3d47b21a33042ad4ddb) Importer(2089858483,b0f066a214c2f5e87bad3c948f4d605d)
Start importing Assets/Sprites/Sqaure.png using Guid(8f337532f701a3d47b21a33042ad4ddb) Importer(2089858483,b0f066a214c2f5e87bad3c948f4d605d) (ScriptedImporter) -> (artifact id: '1a8b2299e471281a8525ba7e34cdafcc') in 0.0292808 seconds
Number of updated asset objects reloaded before import = 0Number of asset objects unloaded after import = 1

========================================================================
Received Import Request.
  Time since last request: 0.000016 seconds.
  path: Assets/Script/ManholeInteract.cs
  artifactKey: Guid(03bbe2b810a22be4c8b1db05ff72cc7e) Importer(2089858483,b0f066a214c2f5e87bad3c948f4d605d)
Start importing Assets/Script/ManholeInteract.cs using Guid(03bbe2b810a22be4c8b1db05ff72cc7e) Importer(2089858483,b0f066a214c2f5e87bad3c948f4d605d) (ScriptedImporter) -> (artifact id: '83a227704cb46835499aed5128fba761') in 0.0132111 seconds
Number of updated asset objects reloaded before import = 0Number of asset objects unloaded after import = 0

========================================================================
Received Import Request.
  Time since last request: 0.000025 seconds.
  path: Assets/Sprites/tut-office.png
  artifactKey: Guid(a242499d9c0b83c4dbbf74c30302091b) Importer(2089858483,b0f066a214c2f5e87bad3c948f4d605d)
Start importing Assets/Sprites/tut-office.png using Guid(a242499d9c0b83c4dbbf74c30302091b) Importer(2089858483,b0f066a214c2f5e87bad3c948f4d605d) (ScriptedImporter) -> (artifact id: 'a89346184b0f75547615b59d92df8f73') in 0.0163456 seconds
Number of updated asset objects reloaded before import = 0Number of asset objects unloaded after import = 1

========================================================================
Received Import Request.
  Time since last request: 0.000026 seconds.
  path: Assets/Script/Inventory.cs
  artifactKey: Guid(8317b42beb2692b46a4023b747babe25) Importer(2089858483,b0f066a214c2f5e87bad3c948f4d605d)
Start importing Assets/Script/Inventory.cs using Guid(8317b42beb2692b46a4023b747babe25) Importer(2089858483,b0f066a214c2f5e87bad3c948f4d605d) (ScriptedImporter) -> (artifact id: '84ca530b067c95850d776f42f59b4810') in 0.0118692 seconds
Number of updated asset objects reloaded before import = 0Number of asset objects unloaded after import = 0

========================================================================
Received Import Request.
  Time since last request: 0.000027 seconds.
  path: Assets/Animation/OfficeMonsterIdle.anim
  artifactKey: Guid(3dbd4da51050a7e41862a8fd9eb09605) Importer(2089858483,b0f066a214c2f5e87bad3c948f4d605d)
Start importing Assets/Animation/OfficeMonsterIdle.anim using Guid(3dbd4da51050a7e41862a8fd9eb09605) Importer(2089858483,b0f066a214c2f5e87bad3c948f4d605d) (ScriptedImporter) -> (artifact id: '4f4ad8c026e8bf6d2f105d4a14f6e1d9') in 0.0133152 seconds
Number of updated asset objects reloaded before import = 0Number of asset objects unloaded after import = 1

========================================================================
Received Import Request.
  Time since last request: 0.000016 seconds.
  path: Assets/Scenes/Park.unity
  artifactKey: Guid(05c8b29fe6d3f5247a856abe142bdc44) Importer(2089858483,b0f066a214c2f5e87bad3c948f4d605d)
Start importing Assets/Scenes/Park.unity using Guid(05c8b29fe6d3f5247a856abe142bdc44) Importer(2089858483,b0f066a214c2f5e87bad3c948f4d605d) (ScriptedImporter) -> (artifact id: '5fd426756a563c04a98e264674ea630e') in 0.015049 seconds
Number of updated asset objects reloaded before import = 0Number of asset objects unloaded after import = 1

========================================================================
Received Import Request.
  Time since last request: 0.000024 seconds.
  path: Assets/Scenes/Basement.unity
  artifactKey: Guid(5efa84d2e2335ed49a0edf79a42ba9e4) Importer(2089858483,b0f066a214c2f5e87bad3c948f4d605d)
Start importing Assets/Scenes/Basement.unity using Guid(5efa84d2e2335ed49a0edf79a42ba9e4) Importer(2089858483,b0f066a214c2f5e87bad3c948f4d605d) (ScriptedImporter) -> (artifact id: '898689213695c6cfe10a45edc7c6290a') in 0.0161785 seconds
Number of updated asset objects reloaded before import = 0Number of asset objects unloaded after import = 1

========================================================================
Received Import Request.
  Time since last request: 0.000023 seconds.
  path: Assets/Animation/BlackCatRun.anim
  artifactKey: Guid(16058882a63f25d4ba9ee9cc26d84819) Importer(2089858483,b0f066a214c2f5e87bad3c948f4d605d)
Start importing Assets/Animation/BlackCatRun.anim using Guid(16058882a63f25d4ba9ee9cc26d84819) Importer(2089858483,b0f066a214c2f5e87bad3c948f4d605d) (ScriptedImporter) -> (artifact id: 'c2a3e451a5f56706f342a997733c50d3') in 0.0135179 seconds
Number of updated asset objects reloaded before import = 0Number of asset objects unloaded after import = 1

========================================================================
Received Import Request.
  Time since last request: 0.000016 seconds.
  path: Assets/Sprites/2.png
  artifactKey: Guid(1cd29a958d2356f42abe583edfc0a8f3) Importer(2089858483,b0f066a214c2f5e87bad3c948f4d605d)
Start importing Assets/Sprites/2.png using Guid(1cd29a958d2356f42abe583edfc0a8f3) Importer(2089858483,b0f066a214c2f5e87bad3c948f4d605d) (ScriptedImporter) -> (artifact id: '864c2a7cea9eaa91bf98b459f04e41eb') in 0.0148213 seconds
Number of updated asset objects reloaded before import = 0Number of asset objects unloaded after import = 1

========================================================================
Received Import Request.
  Time since last request: 0.000017 seconds.
  path: Assets/TextMesh Pro/Shaders/TMP_SDF.shader
  artifactKey: Guid(68e6db2ebdc24f95958faec2be5558d6) Importer(2089858483,b0f066a214c2f5e87bad3c948f4d605d)
Start importing Assets/TextMesh Pro/Shaders/TMP_SDF.shader using Guid(68e6db2ebdc24f95958faec2be5558d6) Importer(2089858483,b0f066a214c2f5e87bad3c948f4d605d) (ScriptedImporter) -> (artifact id: '4780cface838e5ecebbe6e4292ef1f5d') in 0.0174514 seconds
Number of updated asset objects reloaded before import = 0Number of asset objects unloaded after import = 1

========================================================================
Received Import Request.
  Time since last request: 0.000020 seconds.
  path: Assets/TextMesh Pro/Shaders/TMP_SDF-URP Lit.shadergraph
  artifactKey: Guid(a3d800b099a06e0478fb790c5e79057a) Importer(2089858483,b0f066a214c2f5e87bad3c948f4d605d)
Start importing Assets/TextMesh Pro/Shaders/TMP_SDF-URP Lit.shadergraph using Guid(a3d800b099a06e0478fb790c5e79057a) Importer(2089858483,b0f066a214c2f5e87bad3c948f4d605d) (ScriptedImporter) -> (artifact id: 'a9664761dbb2f8c5968e01ab575e9e22') in 0.0387908 seconds
Number of updated asset objects reloaded before import = 0Number of asset objects unloaded after import = 4

========================================================================
Received Import Request.
  Time since last request: 0.000025 seconds.
  path: Assets/Script/CatManager.cs
  artifactKey: Guid(8d710192e896b6b4bb67a19a2c8987dc) Importer(2089858483,b0f066a214c2f5e87bad3c948f4d605d)
Start importing Assets/Script/CatManager.cs using Guid(8d710192e896b6b4bb67a19a2c8987dc) Importer(2089858483,b0f066a214c2f5e87bad3c948f4d605d) (ScriptedImporter) -> (artifact id: 'a89ba4a67873c73b0c522e35f4f206b4') in 0.0121723 seconds
Number of updated asset objects reloaded before import = 0Number of asset objects unloaded after import = 0

========================================================================
Received Import Request.
  Time since last request: 0.000027 seconds.
  path: Assets/Animation/WhiteCatRun.anim
  artifactKey: Guid(02c544aba55817d448565d09be7d07a1) Importer(2089858483,b0f066a214c2f5e87bad3c948f4d605d)
Start importing Assets/Animation/WhiteCatRun.anim using Guid(02c544aba55817d448565d09be7d07a1) Importer(2089858483,b0f066a214c2f5e87bad3c948f4d605d) (ScriptedImporter) -> (artifact id: 'ecad448312f62518fbf1e5dd0f48fa13') in 0.0128642 seconds
Number of updated asset objects reloaded before import = 0Number of asset objects unloaded after import = 1

========================================================================
Received Import Request.
  Time since last request: 0.000020 seconds.
  path: Assets/Prefabs/Lamp.prefab
  artifactKey: Guid(d6d3e6db032353c408266077405c6d24) Importer(2089858483,b0f066a214c2f5e87bad3c948f4d605d)
Start importing Assets/Prefabs/Lamp.prefab using Guid(d6d3e6db032353c408266077405c6d24) Importer(2089858483,b0f066a214c2f5e87bad3c948f4d605d) (ScriptedImporter) -> (artifact id: '7824032b03a1ccf58c8470355c72eff5') in 0.0552311 seconds
Number of updated asset objects reloaded before import = 0Number of asset objects unloaded after import = 9

========================================================================
Received Import Request.
  Time since last request: 0.000019 seconds.
  path: Assets/Sprites/1.png
  artifactKey: Guid(11fa83f92518501498b13a8ba4849372) Importer(2089858483,b0f066a214c2f5e87bad3c948f4d605d)
Start importing Assets/Sprites/1.png using Guid(11fa83f92518501498b13a8ba4849372) Importer(2089858483,b0f066a214c2f5e87bad3c948f4d605d) (ScriptedImporter) -> (artifact id: 'b52ab3d89e7327b44f5c7b2c68b15fe2') in 0.0234452 seconds
Number of updated asset objects reloaded before import = 0Number of asset objects unloaded after import = 1

========================================================================
Received Import Request.
  Time since last request: 0.000022 seconds.
  path: Assets/Materials/front.mat
  artifactKey: Guid(999f34b6d756c3b488bfa59f443d1084) Importer(2089858483,b0f066a214c2f5e87bad3c948f4d605d)
Start importing Assets/Materials/front.mat using Guid(999f34b6d756c3b488bfa59f443d1084) Importer(2089858483,b0f066a214c2f5e87bad3c948f4d605d) (ScriptedImporter) -> (artifact id: '5cd9b881e7911b2e47c4fb657674564e') in 0.0246891 seconds
Number of updated asset objects reloaded before import = 0Number of asset objects unloaded after import = 2

========================================================================
Received Import Request.
  Time since last request: 0.000027 seconds.
  path: Assets/TextMesh Pro/Shaders/SDFFunctions.hlsl
  artifactKey: Guid(96de908384869cd409c75efa351d5edf) Importer(2089858483,b0f066a214c2f5e87bad3c948f4d605d)
Start importing Assets/TextMesh Pro/Shaders/SDFFunctions.hlsl using Guid(96de908384869cd409c75efa351d5edf) Importer(2089858483,b0f066a214c2f5e87bad3c948f4d605d) (ScriptedImporter) -> (artifact id: 'c9599d583e359750ba7307981ed6eb97') in 0.0128378 seconds
Number of updated asset objects reloaded before import = 0Number of asset objects unloaded after import = 1

========================================================================
Received Import Request.
  Time since last request: 0.000019 seconds.
  path: Assets/True 8-bit Sound Effect Collection - Lite/Falls/Fall2_8bitSFX_AudioJackGames.wav
  artifactKey: Guid(804eab2af00a8441d867f02b468be3cc) Importer(2089858483,b0f066a214c2f5e87bad3c948f4d605d)
Start importing Assets/True 8-bit Sound Effect Collection - Lite/Falls/Fall2_8bitSFX_AudioJackGames.wav using Guid(804eab2af00a8441d867f02b468be3cc) Importer(2089858483,b0f066a214c2f5e87bad3c948f4d605d) (ScriptedImporter) -> (artifact id: 'fed9193d48d12350ab36ce1ed5cc358f') in 0.0160491 seconds
Number of updated asset objects reloaded before import = 0Number of asset objects unloaded after import = 1

========================================================================
Received Import Request.
  Time since last request: 0.000020 seconds.
  path: Assets/True 8-bit Sound Effect Collection - Lite/Explosions/Explosion10_8bitSFX_AudioJackGames.wav
  artifactKey: Guid(39d95322e08d84fc88a217e689779f38) Importer(2089858483,b0f066a214c2f5e87bad3c948f4d605d)
Start importing Assets/True 8-bit Sound Effect Collection - Lite/Explosions/Explosion10_8bitSFX_AudioJackGames.wav using Guid(39d95322e08d84fc88a217e689779f38) Importer(2089858483,b0f066a214c2f5e87bad3c948f4d605d) (ScriptedImporter) -> (artifact id: '164ae9f8e63ca543c0955d0456dc6685') in 0.015066 seconds
Number of updated asset objects reloaded before import = 0Number of asset objects unloaded after import = 1

========================================================================
Received Import Request.
  Time since last request: 0.000019 seconds.
  path: Assets/True 8-bit Sound Effect Collection - Lite/Engines/Engine3_Mid_8bitSFX_AudioJackGames.wav
  artifactKey: Guid(994a2b64fad664f329477b1ec1ceffa2) Importer(2089858483,b0f066a214c2f5e87bad3c948f4d605d)
Start importing Assets/True 8-bit Sound Effect Collection - Lite/Engines/Engine3_Mid_8bitSFX_AudioJackGames.wav using Guid(994a2b64fad664f329477b1ec1ceffa2) Importer(2089858483,b0f066a214c2f5e87bad3c948f4d605d) (ScriptedImporter) -> (artifact id: '15aa77749adf5df734d4a7e3273ba6ca') in 0.0120124 seconds
Number of updated asset objects reloaded before import = 0Number of asset objects unloaded after import = 1

========================================================================
Received Import Request.
  Time since last request: 0.000017 seconds.
  path: Assets/True 8-bit Sound Effect Collection - Lite/Gunshots/Gunshot1_8bitSFX_AudioJackGames.wav
  artifactKey: Guid(b31abebe929a6476a9fdc2ccaa86f89d) Importer(2089858483,b0f066a214c2f5e87bad3c948f4d605d)
Start importing Assets/True 8-bit Sound Effect Collection - Lite/Gunshots/Gunshot1_8bitSFX_AudioJackGames.wav using Guid(b31abebe929a6476a9fdc2ccaa86f89d) Importer(2089858483,b0f066a214c2f5e87bad3c948f4d605d) (ScriptedImporter) -> (artifact id: '535d56bbf56afdc4bd0d6fb4291b0ddb') in 0.0141936 seconds
Number of updated asset objects reloaded before import = 0Number of asset objects unloaded after import = 1

========================================================================
Received Import Request.
  Time since last request: 0.000024 seconds.
  path: Assets/Script/CatPopup.cs
  artifactKey: Guid(33eccc5285f0ac04e9b7b3423595af99) Importer(2089858483,b0f066a214c2f5e87bad3c948f4d605d)
Start importing Assets/Script/CatPopup.cs using Guid(33eccc5285f0ac04e9b7b3423595af99) Importer(2089858483,b0f066a214c2f5e87bad3c948f4d605d) (ScriptedImporter) -> (artifact id: '108f830d40b79df2ceb8ed6c34f9fd0d') in 0.011392 seconds
Number of updated asset objects reloaded before import = 0Number of asset objects unloaded after import = 0

========================================================================
Received Import Request.
  Time since last request: 0.000019 seconds.
  path: Assets/Scenes/Office.unity
  artifactKey: Guid(e4bcaf2c56b655a4e8fdf3bfc77a197c) Importer(2089858483,b0f066a214c2f5e87bad3c948f4d605d)
Start importing Assets/Scenes/Office.unity using Guid(e4bcaf2c56b655a4e8fdf3bfc77a197c) Importer(2089858483,b0f066a214c2f5e87bad3c948f4d605d) (ScriptedImporter) -> (artifact id: 'f198d9488eb190bea5a47eb8f276d0aa') in 0.0146714 seconds
Number of updated asset objects reloaded before import = 0Number of asset objects unloaded after import = 1

========================================================================
Received Import Request.
  Time since last request: 0.000014 seconds.
  path: Assets/Sprites/5.png
  artifactKey: Guid(b1d421bd30e68a049b70e1fc36522bfd) Importer(2089858483,b0f066a214c2f5e87bad3c948f4d605d)
Start importing Assets/Sprites/5.png using Guid(b1d421bd30e68a049b70e1fc36522bfd) Importer(2089858483,b0f066a214c2f5e87bad3c948f4d605d) (ScriptedImporter) -> (artifact id: '76121b0121067076ae884bec25201ee7') in 0.0224876 seconds
Number of updated asset objects reloaded before import = 0Number of asset objects unloaded after import = 1

========================================================================
Received Import Request.
  Time since last request: 0.000017 seconds.
  path: Assets/Sprites/Pidgeon Sprite Sheet.png
  artifactKey: Guid(4a56c124d5d9be341a054f7e0f625e80) Importer(2089858483,b0f066a214c2f5e87bad3c948f4d605d)
Start importing Assets/Sprites/Pidgeon Sprite Sheet.png using Guid(4a56c124d5d9be341a054f7e0f625e80) Importer(2089858483,b0f066a214c2f5e87bad3c948f4d605d) (ScriptedImporter) -> (artifact id: 'cf504da1a27f62bd5d0bc521c64c233a') in 0.023457 seconds
Number of updated asset objects reloaded before import = 0Number of asset objects unloaded after import = 1

========================================================================
Received Import Request.
  Time since last request: 0.000017 seconds.
  path: Assets/Script/DialogueManager.cs
  artifactKey: Guid(0537a8de26e9957419eac616bfd44802) Importer(2089858483,b0f066a214c2f5e87bad3c948f4d605d)
Start importing Assets/Script/DialogueManager.cs using Guid(0537a8de26e9957419eac616bfd44802) Importer(2089858483,b0f066a214c2f5e87bad3c948f4d605d) (ScriptedImporter) -> (artifact id: 'd9d7b5899ecbe4c90bf02b850fb13307') in 0.0125928 seconds
Number of updated asset objects reloaded before import = 0Number of asset objects unloaded after import = 0

========================================================================
Received Import Request.
  Time since last request: 0.000023 seconds.
  path: Assets/True 8-bit Sound Effect Collection - Lite/UI Clicks Positive/PositiveClick1_8bitSFX_AudioJackGames.wav
  artifactKey: Guid(16c2014c8ef50476c8d7b7b8f1e3205f) Importer(2089858483,b0f066a214c2f5e87bad3c948f4d605d)
Start importing Assets/True 8-bit Sound Effect Collection - Lite/UI Clicks Positive/PositiveClick1_8bitSFX_AudioJackGames.wav using Guid(16c2014c8ef50476c8d7b7b8f1e3205f) Importer(2089858483,b0f066a214c2f5e87bad3c948f4d605d) (ScriptedImporter) -> (artifact id: 'a6032e01361fda7c77e9985f23137391') in 0.0146595 seconds
Number of updated asset objects reloaded before import = 0Number of asset objects unloaded after import = 1

========================================================================
Received Import Request.
  Time since last request: 0.000019 seconds.
  path: Assets/True 8-bit Sound Effect Collection - Lite/Transitions/TransitionFX3_8bitSFX_AudioJackGames.wav
  artifactKey: Guid(7eb924ae868764f7b9da486892b49068) Importer(2089858483,b0f066a214c2f5e87bad3c948f4d605d)
Start importing Assets/True 8-bit Sound Effect Collection - Lite/Transitions/TransitionFX3_8bitSFX_AudioJackGames.wav using Guid(7eb924ae868764f7b9da486892b49068) Importer(2089858483,b0f066a214c2f5e87bad3c948f4d605d) (ScriptedImporter) -> (artifact id: '48c81bd4d8a85131fccfe57fea241321') in 0.015905 seconds
Number of updated asset objects reloaded before import = 0Number of asset objects unloaded after import = 1

========================================================================
Received Import Request.
  Time since last request: 0.000018 seconds.
  path: Assets/True 8-bit Sound Effect Collection - Lite/UI Clicks Neutral/NeutralClick2_8bitSFX_AudioJackGames.wav
  artifactKey: Guid(0072dd13ef3ac4e68ac08295a28df10e) Importer(2089858483,b0f066a214c2f5e87bad3c948f4d605d)
Start importing Assets/True 8-bit Sound Effect Collection - Lite/UI Clicks Neutral/NeutralClick2_8bitSFX_AudioJackGames.wav using Guid(0072dd13ef3ac4e68ac08295a28df10e) Importer(2089858483,b0f066a214c2f5e87bad3c948f4d605d) (ScriptedImporter) -> (artifact id: 'a1b536276c314786a9f411ef5854612a') in 0.0164728 seconds
Number of updated asset objects reloaded before import = 0Number of asset objects unloaded after import = 1

========================================================================
Received Import Request.
  Time since last request: 0.000017 seconds.
  path: Assets/True 8-bit Sound Effect Collection - Lite/Flame Bursts/FlameBurst2_8bitSFX_AudioJackGames.wav
  artifactKey: Guid(07c8c6970cafb486785f35942b7fbe7c) Importer(2089858483,b0f066a214c2f5e87bad3c948f4d605d)
Start importing Assets/True 8-bit Sound Effect Collection - Lite/Flame Bursts/FlameBurst2_8bitSFX_AudioJackGames.wav using Guid(07c8c6970cafb486785f35942b7fbe7c) Importer(2089858483,b0f066a214c2f5e87bad3c948f4d605d) (ScriptedImporter) -> (artifact id: '3ed2c0451cd53e2227de35a87db915ca') in 0.0139635 seconds
Number of updated asset objects reloaded before import = 0Number of asset objects unloaded after import = 1

========================================================================
Received Import Request.
  Time since last request: 0.000020 seconds.
  path: Assets/TextMesh Pro/Sprites/EmojiOne Attribution.txt
  artifactKey: Guid(381dcb09d5029d14897e55f98031fca5) Importer(2089858483,b0f066a214c2f5e87bad3c948f4d605d)
Start importing Assets/TextMesh Pro/Sprites/EmojiOne Attribution.txt using Guid(381dcb09d5029d14897e55f98031fca5) Importer(2089858483,b0f066a214c2f5e87bad3c948f4d605d) (ScriptedImporter) -> (artifact id: 'c11e68c60b11a82ee0d390dbc81a6348') in 0.0112084 seconds
Number of updated asset objects reloaded before import = 0Number of asset objects unloaded after import = 1

========================================================================
Received Import Request.
  Time since last request: 0.000030 seconds.
  path: Assets/Script/LightsOutManager.cs
  artifactKey: Guid(d8172bc5899fec240b9016258b2f45db) Importer(2089858483,b0f066a214c2f5e87bad3c948f4d605d)
Start importing Assets/Script/LightsOutManager.cs using Guid(d8172bc5899fec240b9016258b2f45db) Importer(2089858483,b0f066a214c2f5e87bad3c948f4d605d) (ScriptedImporter) -> (artifact id: '7d5a8028e5d6e9dd3e905c0e46062f58') in 0.0109384 seconds
Number of updated asset objects reloaded before import = 0Number of asset objects unloaded after import = 0

========================================================================
Received Import Request.
  Time since last request: 0.000022 seconds.
  path: Assets/InputSystem_Actions.inputactions
  artifactKey: Guid(2bcd2660ca9b64942af0de543d8d7100) Importer(2089858483,b0f066a214c2f5e87bad3c948f4d605d)
Start importing Assets/InputSystem_Actions.inputactions using Guid(2bcd2660ca9b64942af0de543d8d7100) Importer(2089858483,b0f066a214c2f5e87bad3c948f4d605d) (ScriptedImporter) -> (artifact id: '754f928345f452d961d1805a4c399917') in 0.1901311 seconds
Number of updated asset objects reloaded before import = 0Number of asset objects unloaded after import = 21

========================================================================
Received Import Request.
  Time since last request: 0.000018 seconds.
  path: Assets/True 8-bit Sound Effect Collection - Lite/UI Data Up/DataUP_Long1_8bitSFX_AudioJackGames.wav
  artifactKey: Guid(aaefe8a1a77a6409eb3f8029331cd79a) Importer(2089858483,b0f066a214c2f5e87bad3c948f4d605d)
Start importing Assets/True 8-bit Sound Effect Collection - Lite/UI Data Up/DataUP_Long1_8bitSFX_AudioJackGames.wav using Guid(aaefe8a1a77a6409eb3f8029331cd79a) Importer(2089858483,b0f066a214c2f5e87bad3c948f4d605d) (ScriptedImporter) -> (artifact id: 'ed77d49d49d21337f381490cff535102') in 0.0134163 seconds
Number of updated asset objects reloaded before import = 0Number of asset objects unloaded after import = 1

========================================================================
Received Import Request.
  Time since last request: 0.000023 seconds.
  path: Assets/True 8-bit Sound Effect Collection - Lite/Whooshes/Whoosh_mid1_8bitSFX_AudioJackGames.wav
  artifactKey: Guid(c5098bc7b068245b0b8711f6fa803845) Importer(2089858483,b0f066a214c2f5e87bad3c948f4d605d)
Start importing Assets/True 8-bit Sound Effect Collection - Lite/Whooshes/Whoosh_mid1_8bitSFX_AudioJackGames.wav using Guid(c5098bc7b068245b0b8711f6fa803845) Importer(2089858483,b0f066a214c2f5e87bad3c948f4d605d) (ScriptedImporter) -> (artifact id: 'c5d0d0bf0afe39c9ae8056522b00d60a') in 0.0138121 seconds
Number of updated asset objects reloaded before import = 0Number of asset objects unloaded after import = 1

========================================================================
Received Import Request.
  Time since last request: 0.000022 seconds.
  path: Assets/True 8-bit Sound Effect Collection - Lite/Gunshots/Gunshot4_8bitSFX_AudioJackGames.wav
  artifactKey: Guid(e75f6b054523348dfb3b28e2698ddb91) Importer(2089858483,b0f066a214c2f5e87bad3c948f4d605d)
Start importing Assets/True 8-bit Sound Effect Collection - Lite/Gunshots/Gunshot4_8bitSFX_AudioJackGames.wav using Guid(e75f6b054523348dfb3b28e2698ddb91) Importer(2089858483,b0f066a214c2f5e87bad3c948f4d605d) (ScriptedImporter) -> (artifact id: 'b8b1bb89c3c34deac75ebf8955dcb475') in 0.0124814 seconds
Number of updated asset objects reloaded before import = 0Number of asset objects unloaded after import = 1

========================================================================
Received Import Request.
  Time since last request: 0.000023 seconds.
  path: Assets/True 8-bit Sound Effect Collection - Lite/Reloads/Reload3_8bitSFX_AudioJackGames.wav
  artifactKey: Guid(02adada7fe61b40918f6d27febe82618) Importer(2089858483,b0f066a214c2f5e87bad3c948f4d605d)
Start importing Assets/True 8-bit Sound Effect Collection - Lite/Reloads/Reload3_8bitSFX_AudioJackGames.wav using Guid(02adada7fe61b40918f6d27febe82618) Importer(2089858483,b0f066a214c2f5e87bad3c948f4d605d) (ScriptedImporter) -> (artifact id: '043e7160e7ccacad2114a0a484de17ee') in 0.0138178 seconds
Number of updated asset objects reloaded before import = 0Number of asset objects unloaded after import = 1

========================================================================
Received Import Request.
  Time since last request: 0.000016 seconds.
  path: Assets/True 8-bit Sound Effect Collection - Lite/Cash/Cash1_8bitSFX_AudioJackGames.wav
  artifactKey: Guid(da4a2622abe334cb488e9a1baf0c8349) Importer(2089858483,b0f066a214c2f5e87bad3c948f4d605d)
Start importing Assets/True 8-bit Sound Effect Collection - Lite/Cash/Cash1_8bitSFX_AudioJackGames.wav using Guid(da4a2622abe334cb488e9a1baf0c8349) Importer(2089858483,b0f066a214c2f5e87bad3c948f4d605d) (ScriptedImporter) -> (artifact id: '0361523effa92404d593c6d708948b3b') in 0.0140988 seconds
Number of updated asset objects reloaded before import = 0Number of asset objects unloaded after import = 1

========================================================================
Received Import Request.
  Time since last request: 0.000022 seconds.
  path: Assets/True 8-bit Sound Effect Collection - Lite/Explosions/Explosion13_8bitSFX_AudioJackGames.wav
  artifactKey: Guid(5b1f83bbc554f4367aed82ebf7279fac) Importer(2089858483,b0f066a214c2f5e87bad3c948f4d605d)
Start importing Assets/True 8-bit Sound Effect Collection - Lite/Explosions/Explosion13_8bitSFX_AudioJackGames.wav using Guid(5b1f83bbc554f4367aed82ebf7279fac) Importer(2089858483,b0f066a214c2f5e87bad3c948f4d605d) (ScriptedImporter) -> (artifact id: '6fde030b491d047c14a537bd2fefdd4b') in 0.0138922 seconds
Number of updated asset objects reloaded before import = 0Number of asset objects unloaded after import = 1

========================================================================
Received Import Request.
  Time since last request: 0.000034 seconds.
  path: Assets/TextMesh Pro/Resources/Sprite Assets/EmojiOne.asset
  artifactKey: Guid(c41005c129ba4d66911b75229fd70b45) Importer(2089858483,b0f066a214c2f5e87bad3c948f4d605d)
Start importing Assets/TextMesh Pro/Resources/Sprite Assets/EmojiOne.asset using Guid(c41005c129ba4d66911b75229fd70b45) Importer(2089858483,b0f066a214c2f5e87bad3c948f4d605d) (ScriptedImporter) -> (artifact id: 'cdb6677985fccb6d4e1f2bec0e910d7a') in 0.0244359 seconds
Number of updated asset objects reloaded before import = 0Number of asset objects unloaded after import = 2

========================================================================
Received Import Request.
  Time since last request: 0.000017 seconds.
  path: Assets/True 8-bit Sound Effect Collection - Lite/Car Passes/CarPass_slow1_8bitSFX_AudioJackGames.wav
  artifactKey: Guid(6602749687a1446afb05203de9b6c79d) Importer(2089858483,b0f066a214c2f5e87bad3c948f4d605d)
Start importing Assets/True 8-bit Sound Effect Collection - Lite/Car Passes/CarPass_slow1_8bitSFX_AudioJackGames.wav using Guid(6602749687a1446afb05203de9b6c79d) Importer(2089858483,b0f066a214c2f5e87bad3c948f4d605d) (ScriptedImporter) -> (artifact id: '996af239bd0d3aeb2fec278e28f7da72') in 0.0119609 seconds
Number of updated asset objects reloaded before import = 0Number of asset objects unloaded after import = 1

========================================================================
Received Import Request.
  Time since last request: 0.000012 seconds.
  path: Assets/TextMesh Pro/Sprites/EmojiOne.png
  artifactKey: Guid(dffef66376be4fa480fb02b19edbe903) Importer(2089858483,b0f066a214c2f5e87bad3c948f4d605d)
Start importing Assets/TextMesh Pro/Sprites/EmojiOne.png using Guid(dffef66376be4fa480fb02b19edbe903) Importer(2089858483,b0f066a214c2f5e87bad3c948f4d605d) (ScriptedImporter) -> (artifact id: 'f8fe1d6fde7c150f13ba2d423ff51bdc') in 0.0169869 seconds
Number of updated asset objects reloaded before import = 0Number of asset objects unloaded after import = 1

========================================================================
Received Import Request.
  Time since last request: 0.000018 seconds.
  path: Assets/TextMesh Pro/Resources/Style Sheets/Default Style Sheet.asset
  artifactKey: Guid(f952c082cb03451daed3ee968ac6c63e) Importer(2089858483,b0f066a214c2f5e87bad3c948f4d605d)
Start importing Assets/TextMesh Pro/Resources/Style Sheets/Default Style Sheet.asset using Guid(f952c082cb03451daed3ee968ac6c63e) Importer(2089858483,b0f066a214c2f5e87bad3c948f4d605d) (ScriptedImporter) -> (artifact id: '4fd5227a51d917f0975a524ae2394c05') in 0.0125155 seconds
Number of updated asset objects reloaded before import = 0Number of asset objects unloaded after import = 1

========================================================================
Received Import Request.
  Time since last request: 0.000015 seconds.
  path: Assets/TextMesh Pro/Resources/Fonts & Materials/LiberationSans SDF - Outline.mat
  artifactKey: Guid(79459efec17a4d00a321bdcc27bbc385) Importer(2089858483,b0f066a214c2f5e87bad3c948f4d605d)
Start importing Assets/TextMesh Pro/Resources/Fonts & Materials/LiberationSans SDF - Outline.mat using Guid(79459efec17a4d00a321bdcc27bbc385) Importer(2089858483,b0f066a214c2f5e87bad3c948f4d605d) (ScriptedImporter) -> (artifact id: '14f9f2518eb5c4c26ccb4797dea9050b') in 0.0251986 seconds
Number of updated asset objects reloaded before import = 0Number of asset objects unloaded after import = 2

========================================================================
Received Import Request.
  Time since last request: 0.000022 seconds.
  path: Assets/True 8-bit Sound Effect Collection - Lite/Lasers/Laser6_8bitSFX_AudioJackGames.wav
  artifactKey: Guid(094c3c6c93b1049099a8b1a7e972b40a) Importer(2089858483,b0f066a214c2f5e87bad3c948f4d605d)
Start importing Assets/True 8-bit Sound Effect Collection - Lite/Lasers/Laser6_8bitSFX_AudioJackGames.wav using Guid(094c3c6c93b1049099a8b1a7e972b40a) Importer(2089858483,b0f066a214c2f5e87bad3c948f4d605d) (ScriptedImporter) -> (artifact id: '409ae50aa7809e929f8a973556a49a0a') in 0.0142264 seconds
Number of updated asset objects reloaded before import = 0Number of asset objects unloaded after import = 1

========================================================================
Received Import Request.
  Time since last request: 0.000024 seconds.
  path: Assets/True 8-bit Sound Effect Collection - Lite/Sword Blocks/Block1_8bitSFX_AudioJackGames.wav
  artifactKey: Guid(b0b11dcf87a9544be87dcc8e7b6e13c3) Importer(2089858483,b0f066a214c2f5e87bad3c948f4d605d)
Start importing Assets/True 8-bit Sound Effect Collection - Lite/Sword Blocks/Block1_8bitSFX_AudioJackGames.wav using Guid(b0b11dcf87a9544be87dcc8e7b6e13c3) Importer(2089858483,b0f066a214c2f5e87bad3c948f4d605d) (ScriptedImporter) -> (artifact id: '7e258b1cee038085226ef79738c241cc') in 0.0149035 seconds
Number of updated asset objects reloaded before import = 0Number of asset objects unloaded after import = 1

========================================================================
Received Import Request.
  Time since last request: 0.000015 seconds.
  path: Assets/True 8-bit Sound Effect Collection - Lite/UI Clicks Positive/PositiveClick2_8bitSFX_AudioJackGames.wav
  artifactKey: Guid(141b984e459bc422c8c0e500b4f52d92) Importer(2089858483,b0f066a214c2f5e87bad3c948f4d605d)
Start importing Assets/True 8-bit Sound Effect Collection - Lite/UI Clicks Positive/PositiveClick2_8bitSFX_AudioJackGames.wav using Guid(141b984e459bc422c8c0e500b4f52d92) Importer(2089858483,b0f066a214c2f5e87bad3c948f4d605d) (ScriptedImporter) -> (artifact id: 'e3b6c953f69ed3dba1538810a44b92c9') in 0.013617 seconds
Number of updated asset objects reloaded before import = 0Number of asset objects unloaded after import = 1

========================================================================
Received Import Request.
  Time since last request: 0.000017 seconds.
  path: Assets/Sprites/cursor.png
  artifactKey: Guid(0b4f37e73fa08db4d9fb4bcc2c292588) Importer(2089858483,b0f066a214c2f5e87bad3c948f4d605d)
Start importing Assets/Sprites/cursor.png using Guid(0b4f37e73fa08db4d9fb4bcc2c292588) Importer(2089858483,b0f066a214c2f5e87bad3c948f4d605d) (ScriptedImporter) -> (artifact id: '8770821a49d96fcebe4b1fa8dcc8e106') in 0.0197419 seconds
Number of updated asset objects reloaded before import = 0Number of asset objects unloaded after import = 1

========================================================================
Received Import Request.
  Time since last request: 0.000014 seconds.
  path: Assets/TextMesh Pro/Shaders/TMP_SDF-Mobile-2-Pass.shader
  artifactKey: Guid(0178fcb869bafef4690d177d31d17db8) Importer(2089858483,b0f066a214c2f5e87bad3c948f4d605d)
Start importing Assets/TextMesh Pro/Shaders/TMP_SDF-Mobile-2-Pass.shader using Guid(0178fcb869bafef4690d177d31d17db8) Importer(2089858483,b0f066a214c2f5e87bad3c948f4d605d) (ScriptedImporter) -> (artifact id: '1f063dc3395479fdf6994935a4540aa8') in 0.0134246 seconds
Number of updated asset objects reloaded before import = 0Number of asset objects unloaded after import = 1

========================================================================
Received Import Request.
  Time since last request: 0.000011 seconds.
  path: Assets/Script/DeathScreen.cs
  artifactKey: Guid(71c8622f6578d534dbc54da7eb49536b) Importer(2089858483,b0f066a214c2f5e87bad3c948f4d605d)
Start importing Assets/Script/DeathScreen.cs using Guid(71c8622f6578d534dbc54da7eb49536b) Importer(2089858483,b0f066a214c2f5e87bad3c948f4d605d) (ScriptedImporter) -> (artifact id: '73b44de020907b0b6960478b8de1c6af') in 0.0120572 seconds
Number of updated asset objects reloaded before import = 0Number of asset objects unloaded after import = 0

========================================================================
Received Import Request.
  Time since last request: 0.000023 seconds.
  path: Assets/True 8-bit Sound Effect Collection - Lite/Flame Bursts/FlameBurst3_8bitSFX_AudioJackGames.wav
  artifactKey: Guid(96f9a1daa90064b5fb582496e469a974) Importer(2089858483,b0f066a214c2f5e87bad3c948f4d605d)
Start importing Assets/True 8-bit Sound Effect Collection - Lite/Flame Bursts/FlameBurst3_8bitSFX_AudioJackGames.wav using Guid(96f9a1daa90064b5fb582496e469a974) Importer(2089858483,b0f066a214c2f5e87bad3c948f4d605d) (ScriptedImporter) -> (artifact id: '3240ed8d2d8e3243c4f28c5f78383f39') in 0.0123213 seconds
Number of updated asset objects reloaded before import = 0Number of asset objects unloaded after import = 1

========================================================================
Received Import Request.
  Time since last request: 0.000020 seconds.
  path: Assets/Animation/ParkMonsterWalk.anim
  artifactKey: Guid(35c06352de87e454689c9e2c64275646) Importer(2089858483,b0f066a214c2f5e87bad3c948f4d605d)
Start importing Assets/Animation/ParkMonsterWalk.anim using Guid(35c06352de87e454689c9e2c64275646) Importer(2089858483,b0f066a214c2f5e87bad3c948f4d605d) (ScriptedImporter) -> (artifact id: '90617304009ef9b35898737b9773cf2b') in 0.0121756 seconds
Number of updated asset objects reloaded before import = 0Number of asset objects unloaded after import = 1

========================================================================
Received Import Request.
  Time since last request: 0.000011 seconds.
  path: Assets/TextMesh Pro/Shaders/TMP_Sprite.shader
  artifactKey: Guid(cf81c85f95fe47e1a27f6ae460cf182c) Importer(2089858483,b0f066a214c2f5e87bad3c948f4d605d)
Start importing Assets/TextMesh Pro/Shaders/TMP_Sprite.shader using Guid(cf81c85f95fe47e1a27f6ae460cf182c) Importer(2089858483,b0f066a214c2f5e87bad3c948f4d605d) (ScriptedImporter) -> (artifact id: '08f73777b6bcea087d1e5960b5ef4719') in 0.0099458 seconds
Number of updated asset objects reloaded before import = 0Number of asset objects unloaded after import = 1

========================================================================
Received Import Request.
  Time since last request: 0.000016 seconds.
  path: Assets/Script/CursorType.cs
  artifactKey: Guid(2c1ff9e46f6ca97468a19d60c874e0d7) Importer(2089858483,b0f066a214c2f5e87bad3c948f4d605d)
Start importing Assets/Script/CursorType.cs using Guid(2c1ff9e46f6ca97468a19d60c874e0d7) Importer(2089858483,b0f066a214c2f5e87bad3c948f4d605d) (ScriptedImporter) -> (artifact id: '13c32e78f47648f017fa134b3cbbba45') in 0.0128035 seconds
Number of updated asset objects reloaded before import = 0Number of asset objects unloaded after import = 0

========================================================================
Received Import Request.
  Time since last request: 0.000017 seconds.
  path: Assets/Sprites/park-monster-walk.png
  artifactKey: Guid(0f6795702e15076408899a76a7cf84d8) Importer(2089858483,b0f066a214c2f5e87bad3c948f4d605d)
Start importing Assets/Sprites/park-monster-walk.png using Guid(0f6795702e15076408899a76a7cf84d8) Importer(2089858483,b0f066a214c2f5e87bad3c948f4d605d) (ScriptedImporter) -> (artifact id: '8b8869848c9bb1a9491ccfdc1aa7de50') in 0.0152097 seconds
Number of updated asset objects reloaded before import = 0Number of asset objects unloaded after import = 1

========================================================================
Received Import Request.
  Time since last request: 0.000019 seconds.
  path: Assets/Prefabs/Bush.prefab
  artifactKey: Guid(e1dbf4c47d1d77f42bc7993cf4138a59) Importer(2089858483,b0f066a214c2f5e87bad3c948f4d605d)
Start importing Assets/Prefabs/Bush.prefab using Guid(e1dbf4c47d1d77f42bc7993cf4138a59) Importer(2089858483,b0f066a214c2f5e87bad3c948f4d605d) (ScriptedImporter) -> (artifact id: '67f6d759039957e481eae8f8184cadea') in 0.0356481 seconds
Number of updated asset objects reloaded before import = 0Number of asset objects unloaded after import = 11

========================================================================
Received Import Request.
  Time since last request: 0.000019 seconds.
  path: Assets/Scenes/StartMenu.unity
  artifactKey: Guid(d9da6fa54d1a2b64e827ed9f87197e77) Importer(2089858483,b0f066a214c2f5e87bad3c948f4d605d)
Start importing Assets/Scenes/StartMenu.unity using Guid(d9da6fa54d1a2b64e827ed9f87197e77) Importer(2089858483,b0f066a214c2f5e87bad3c948f4d605d) (ScriptedImporter) -> (artifact id: 'bbf3b0fb3c3c561fc1b4035858f5eacb') in 0.0130774 seconds
Number of updated asset objects reloaded before import = 0Number of asset objects unloaded after import = 1

========================================================================
Received Import Request.
  Time since last request: 0.000034 seconds.
  path: Assets/True 8-bit Sound Effect Collection - Lite/Deaths/Death3_8bitSFX_AudioJackGames.wav
  artifactKey: Guid(766700b52c75d4cf3b4a053f311bdfbf) Importer(2089858483,b0f066a214c2f5e87bad3c948f4d605d)
Start importing Assets/True 8-bit Sound Effect Collection - Lite/Deaths/Death3_8bitSFX_AudioJackGames.wav using Guid(766700b52c75d4cf3b4a053f311bdfbf) Importer(2089858483,b0f066a214c2f5e87bad3c948f4d605d) (ScriptedImporter) -> (artifact id: 'a94d43ee78114735e1bd2a4fcdbf8346') in 0.0125981 seconds
Number of updated asset objects reloaded before import = 0Number of asset objects unloaded after import = 1

========================================================================
Received Import Request.
  Time since last request: 0.000016 seconds.
  path: Assets/TextMesh Pro/Resources/TMP Settings.asset
  artifactKey: Guid(3f5b5dff67a942289a9defa416b206f3) Importer(2089858483,b0f066a214c2f5e87bad3c948f4d605d)
Start importing Assets/TextMesh Pro/Resources/TMP Settings.asset using Guid(3f5b5dff67a942289a9defa416b206f3) Importer(2089858483,b0f066a214c2f5e87bad3c948f4d605d) (ScriptedImporter) -> (artifact id: 'ef86453759415ed5bb32747585e2b59d') in 0.0306602 seconds
Number of updated asset objects reloaded before import = 0Number of asset objects unloaded after import = 13

========================================================================
Received Import Request.
  Time since last request: 0.000016 seconds.
  path: Assets/Sprites/player-idle.png
  artifactKey: Guid(b599c1940912ca448bb7da245e345475) Importer(2089858483,b0f066a214c2f5e87bad3c948f4d605d)
Start importing Assets/Sprites/player-idle.png using Guid(b599c1940912ca448bb7da245e345475) Importer(2089858483,b0f066a214c2f5e87bad3c948f4d605d) (ScriptedImporter) -> (artifact id: '4017c32d51c72e91e26e227d72af11e1') in 0.0239737 seconds
Number of updated asset objects reloaded before import = 0Number of asset objects unloaded after import = 1

========================================================================
Received Import Request.
  Time since last request: 0.000013 seconds.
  path: Assets/True 8-bit Sound Effect Collection - Lite/_ReadME.rtf
  artifactKey: Guid(de69dd635f1a645e2ba70f4872f688da) Importer(2089858483,b0f066a214c2f5e87bad3c948f4d605d)
Start importing Assets/True 8-bit Sound Effect Collection - Lite/_ReadME.rtf using Guid(de69dd635f1a645e2ba70f4872f688da) Importer(2089858483,b0f066a214c2f5e87bad3c948f4d605d) (ScriptedImporter) -> (artifact id: '24a94dc801c23597a67f7aba51dc5b41') in 0.0099822 seconds
Number of updated asset objects reloaded before import = 0Number of asset objects unloaded after import = 1

========================================================================
Received Prepare
Assembly reference Packages/com.unity.cinemachine/Editor/Samples/ExposeHDRPInternals/HDRP-Editor-ref.asmref has no target assembly definition
Assembly reference Packages/com.unity.cinemachine/Editor/Samples/ExposeHDRPInternals/HDRP-Editor-ref.asmref has no target assembly definition
Begin MonoManager ReloadAssembly
Symbol file LoadedFromMemory is not a mono symbol file
- Loaded All Assemblies, in  0.931 seconds
Assembly reference Packages/com.unity.cinemachine/Editor/Samples/ExposeHDRPInternals/HDRP-Editor-ref.asmref has no target assembly definition
'Packages/com.unity.cinemachine/Editor/Obsolete/CinemachineVirtualCameraBaseEditor.cs' contains partial class of Unity.Object, exactly 1 of the partial classes needs to be in a file with the same filename. This is to know the one that can be referenced from ie. GameObjects
'Packages/com.unity.cinemachine/Editor/Editors/CinemachineVirtualCameraBaseEditor.cs' contains partial class of Unity.Object, exactly 1 of the partial classes needs to be in a file with the same filename. This is to know the one that can be referenced from ie. GameObjects
Refreshing native plugins compatible for Editor in 2.70 ms, found 5 plugins.
Native extension for WindowsStandalone target not found
Assembly reference Packages/com.unity.cinemachine/Editor/Samples/ExposeHDRPInternals/HDRP-Editor-ref.asmref has no target assembly definition
[Package Manager] Failed to launch server process. Reason: Unity was launched with the -noUpm command-line argument
[Package Manager] Unable to send message (not connected to server process).
[Package Manager] Cannot connect to Unity Package Manager local server
[Package Manager] Failed to launch server process. Reason: Unity was launched with the -noUpm command-line argument
[Package Manager] Unable to send message (not connected to server process).
[Package Manager] Cannot connect to Unity Package Manager local server
[Package Manager] Failed to launch server process. Reason: Unity was launched with the -noUpm command-line argument
[Package Manager] Unable to send message (not connected to server process).
[Package Manager] Cannot connect to Unity Package Manager local server
ScheduleIndexationOnStartup MainProcess:False IndexOnStartup:True
Mono: successfully reloaded assembly
- Finished resetting the current domain, in  0.870 seconds
Domain Reload Profiling: 1803ms
	BeginReloadAssembly (241ms)
		ExecutionOrderSort (0ms)
		DisableScriptedObjects (13ms)
		BackupInstance (0ms)
		ReleaseScriptingObjects (0ms)
		CreateAndSetChildDomain (64ms)
	RebuildCommonClasses (37ms)
	RebuildNativeTypeToScriptingClass (14ms)
	initialDomainReloadingComplete (35ms)
	LoadAllAssembliesAndSetupDomain (606ms)
		LoadAssemblies (442ms)
		RebuildTransferFunctionScriptingTraits (0ms)
		AnalyzeDomain (265ms)
			TypeCache.Refresh (10ms)
				TypeCache.ScanAssembly (0ms)
			BuildScriptInfoCaches (238ms)
			ResolveRequiredComponents (12ms)
	FinalizeReload (871ms)
		ReleaseScriptCaches (0ms)
		RebuildScriptCaches (0ms)
		SetupLoadedEditorAssemblies (698ms)
			LogAssemblyErrors (0ms)
			InitializePlatformSupportModulesInManaged (2ms)
			SetLoadedEditorAssemblies (3ms)
			BeforeProcessingInitializeOnLoad (188ms)
			ProcessInitializeOnLoadAttributes (405ms)
			ProcessInitializeOnLoadMethodAttributes (94ms)
			AfterProcessingInitializeOnLoad (5ms)
			EditorAssembliesLoaded (1ms)
		ExecutionOrderSort2 (0ms)
		AwakeInstancesAfterBackupRestoration (15ms)
Refreshing native plugins compatible for Editor in 3.14 ms, found 5 plugins.
Preloading 0 native plugins for Editor in 0.00 ms.
Unloading 17 Unused Serialized files (Serialized files now loaded: 0)
Unloading 7997 unused Assets / (5.2 MB). Loaded Objects now: 8826.
Memory consumption went from 167.7 MB to 162.5 MB.
Total: 10.354400 ms (FindLiveObjects: 0.790400 ms CreateObjectMapping: 0.709100 ms MarkObjects: 6.186000 ms  DeleteObjects: 2.667100 ms)

Prepare: number of updated asset objects reloaded= 0
========================================================================
Received Import Request.
  Time since last request: 17.490171 seconds.
  path: Packages/com.unity.settings-manager/package.json
  artifactKey: Guid(3001f7491ac66e34a9694543d9f8b1ee) Importer(815301076,1909f56bfc062723c751e8b465ee728b)
Start importing Packages/com.unity.settings-manager/package.json using Guid(3001f7491ac66e34a9694543d9f8b1ee) Importer(815301076,1909f56bfc062723c751e8b465ee728b) (PreviewImporter) -> (artifact id: '648efed11430e7e0bbe1bd56d5a1dac0') in 0.0256374 seconds
Number of updated asset objects reloaded before import = 0Number of asset objects unloaded after import = 1

========================================================================
Received Import Request.
  Time since last request: 0.941650 seconds.
  path: Packages/com.unity.collab-proxy/package.json
  artifactKey: Guid(743fda8c4b219c8429fb5a77ede1c879) Importer(815301076,1909f56bfc062723c751e8b465ee728b)
Start importing Packages/com.unity.collab-proxy/package.json using Guid(743fda8c4b219c8429fb5a77ede1c879) Importer(815301076,1909f56bfc062723c751e8b465ee728b) (PreviewImporter) -> (artifact id: 'ba131e37ceca8ba604573bb9033da854') in 0.0012967 seconds
Number of updated asset objects reloaded before import = 0Number of asset objects unloaded after import = 1

========================================================================
Received Import Request.
  Time since last request: 0.686661 seconds.
  path: Packages/com.unity.render-pipelines.universal-config/package.json
  artifactKey: Guid(b13c5df96839b924b85df50f9659b9e4) Importer(815301076,1909f56bfc062723c751e8b465ee728b)
Start importing Packages/com.unity.render-pipelines.universal-config/package.json using Guid(b13c5df96839b924b85df50f9659b9e4) Importer(815301076,1909f56bfc062723c751e8b465ee728b) (PreviewImporter) -> (artifact id: 'a79873fb1771bba028978e24dca3dfc1') in 0.0011091 seconds
Number of updated asset objects reloaded before import = 0Number of asset objects unloaded after import = 1

========================================================================
Received Import Request.
  Time since last request: 1.383631 seconds.
  path: Packages/com.unity.nuget.mono-cecil/package.json
  artifactKey: Guid(17a4fd582bf2d47479cf5c1508ca82c6) Importer(815301076,1909f56bfc062723c751e8b465ee728b)
Start importing Packages/com.unity.nuget.mono-cecil/package.json using Guid(17a4fd582bf2d47479cf5c1508ca82c6) Importer(815301076,1909f56bfc062723c751e8b465ee728b) (PreviewImporter) -> (artifact id: '3979a5afbab987bc4e0556a127f749c5') in 0.0013545 seconds
Number of updated asset objects reloaded before import = 0Number of asset objects unloaded after import = 1

========================================================================
Received Import Request.
  Time since last request: 0.500860 seconds.
  path: Packages/com.unity.multiplayer.center/package.json
  artifactKey: Guid(df0857f6a11054383be91b1f8e1b5800) Importer(815301076,1909f56bfc062723c751e8b465ee728b)
Start importing Packages/com.unity.multiplayer.center/package.json using Guid(df0857f6a11054383be91b1f8e1b5800) Importer(815301076,1909f56bfc062723c751e8b465ee728b) (PreviewImporter) -> (artifact id: 'c1d5018ac9bb04fb4581264aebe59dab') in 0.0010047 seconds
Number of updated asset objects reloaded before import = 0Number of asset objects unloaded after import = 1

========================================================================
Received Import Request.
  Time since last request: 21.647599 seconds.
  path: Packages/com.unity.render-pipelines.universal/Editor/ShaderGraph/GraphTemplates/2D/0_2D Sprite Lit.shadergraph
  artifactKey: Guid(bde135b320597544b9ac325092409f8b) Importer(815301076,1909f56bfc062723c751e8b465ee728b)
Start importing Packages/com.unity.render-pipelines.universal/Editor/ShaderGraph/GraphTemplates/2D/0_2D Sprite Lit.shadergraph using Guid(bde135b320597544b9ac325092409f8b) Importer(815301076,1909f56bfc062723c751e8b465ee728b) (PreviewImporter) -> (artifact id: '0123a8235bb102e242356823bd8843de') in 0.631543 seconds
Number of updated asset objects reloaded before import = 0Number of asset objects unloaded after import = 2

========================================================================
Received Import Request.
  Time since last request: 0.000036 seconds.
  path: Packages/com.unity.searcher/Editor/Resources/FlatSkin/Font/Roboto-MediumItalic.ttf
  artifactKey: Guid(d93c1bc57fdf1ac4dad1bf04fac05464) Importer(815301076,1909f56bfc062723c751e8b465ee728b)
Start importing Packages/com.unity.searcher/Editor/Resources/FlatSkin/Font/Roboto-MediumItalic.ttf using Guid(d93c1bc57fdf1ac4dad1bf04fac05464) Importer(815301076,1909f56bfc062723c751e8b465ee728b) (PreviewImporter) -> (artifact id: '82abc9c44ebbd90292c3ed8755eb1282') in 0.0480523 seconds
Number of updated asset objects reloaded before import = 0Number of asset objects unloaded after import = 4

========================================================================
Received Import Request.
  Time since last request: 0.000056 seconds.
  path: Packages/com.unity.render-pipelines.core/Runtime/Debug/ProbeSamplingDebugMesh.fbx
  artifactKey: Guid(20be25aac4e22ee49a7db76fb3df6de2) Importer(815301076,1909f56bfc062723c751e8b465ee728b)
Start importing Packages/com.unity.render-pipelines.core/Runtime/Debug/ProbeSamplingDebugMesh.fbx using Guid(20be25aac4e22ee49a7db76fb3df6de2) Importer(815301076,1909f56bfc062723c751e8b465ee728b) (PreviewImporter) -> (artifact id: 'c48752390b14e112587301aa2100e07f') in 0.2155142 seconds
Number of updated asset objects reloaded before import = 0Number of asset objects unloaded after import = 0

========================================================================
Received Import Request.
  Time since last request: 0.000032 seconds.
  path: Packages/com.unity.2d.psdimporter/Editor/Assets/pivot.fbx
  artifactKey: Guid(1c7762c9bce5f4ab7b060decb9e3002d) Importer(815301076,1909f56bfc062723c751e8b465ee728b)
Start importing Packages/com.unity.2d.psdimporter/Editor/Assets/pivot.fbx using Guid(1c7762c9bce5f4ab7b060decb9e3002d) Importer(815301076,1909f56bfc062723c751e8b465ee728b) (PreviewImporter) -> (artifact id: '48bd3df94c2799725fadf365cd76ccf1') in 0.0575906 seconds
Number of updated asset objects reloaded before import = 0Number of asset objects unloaded after import = 10

========================================================================
Received Import Request.
  Time since last request: 0.000036 seconds.
  path: Packages/com.unity.render-pipelines.universal/Editor/SceneTemplates/Materials/Metal_Black.mat
  artifactKey: Guid(b34b07a45ba63ce47896c9e674f3a7a7) Importer(815301076,1909f56bfc062723c751e8b465ee728b)
Start importing Packages/com.unity.render-pipelines.universal/Editor/SceneTemplates/Materials/Metal_Black.mat using Guid(b34b07a45ba63ce47896c9e674f3a7a7) Importer(815301076,1909f56bfc062723c751e8b465ee728b) (PreviewImporter) -> (artifact id: '6d20be7b42df88e3b6e3da67556f7d6d') in 0.03392 seconds
Number of updated asset objects reloaded before import = 0Number of asset objects unloaded after import = 1

========================================================================
Received Import Request.
  Time since last request: 0.000023 seconds.
  path: Packages/com.unity.render-pipelines.core/Runtime/Debugging/Prefabs/Fonts/PerfectDOSVGA437.ttf
  artifactKey: Guid(74a5091d8707f334b9a5c31ef71a64ba) Importer(815301076,1909f56bfc062723c751e8b465ee728b)
Start importing Packages/com.unity.render-pipelines.core/Runtime/Debugging/Prefabs/Fonts/PerfectDOSVGA437.ttf using Guid(74a5091d8707f334b9a5c31ef71a64ba) Importer(815301076,1909f56bfc062723c751e8b465ee728b) (PreviewImporter) -> (artifact id: '773b232eeebd6583b7684ca41cedac14') in 0.0120717 seconds
Number of updated asset objects reloaded before import = 0Number of asset objects unloaded after import = 4

========================================================================
Received Import Request.
  Time since last request: 0.000044 seconds.
  path: Packages/com.unity.render-pipelines.universal/Runtime/Materials/ArnoldStandardSurface/ArnoldStandardSurfaceTransparent.shadergraph
  artifactKey: Guid(30fa68ce467463643a86b839ca0eb195) Importer(815301076,1909f56bfc062723c751e8b465ee728b)
Start importing Packages/com.unity.render-pipelines.universal/Runtime/Materials/ArnoldStandardSurface/ArnoldStandardSurfaceTransparent.shadergraph using Guid(30fa68ce467463643a86b839ca0eb195) Importer(815301076,1909f56bfc062723c751e8b465ee728b) (PreviewImporter) -> (artifact id: '4efa99428b086ccf83f1e60eae0a1f10') in 0.371423 seconds
Number of updated asset objects reloaded before import = 0Number of asset objects unloaded after import = 5

========================================================================
Received Import Request.
  Time since last request: 0.000027 seconds.
  path: Assets/Materials/front.mat
  artifactKey: Guid(999f34b6d756c3b488bfa59f443d1084) Importer(815301076,1909f56bfc062723c751e8b465ee728b)
Start importing Assets/Materials/front.mat using Guid(999f34b6d756c3b488bfa59f443d1084) Importer(815301076,1909f56bfc062723c751e8b465ee728b) (PreviewImporter) -> (artifact id: '83fd95144aafe04e4b30acfd8a4b6e2f') in 0.1238904 seconds
Number of updated asset objects reloaded before import = 0Number of asset objects unloaded after import = 2

========================================================================
Received Import Request.
  Time since last request: 0.000043 seconds.
  path: Packages/com.unity.render-pipelines.universal/Shaders/AutodeskInteractive/AutodeskInteractive.shadergraph
  artifactKey: Guid(0e9d5a909a1f7e84882a534d0d11e49f) Importer(815301076,1909f56bfc062723c751e8b465ee728b)
Start importing Packages/com.unity.render-pipelines.universal/Shaders/AutodeskInteractive/AutodeskInteractive.shadergraph using Guid(0e9d5a909a1f7e84882a534d0d11e49f) Importer(815301076,1909f56bfc062723c751e8b465ee728b) (PreviewImporter) -> (artifact id: 'f0eb00c95cc4167b485305841ddf2090') in 0.3917557 seconds
Number of updated asset objects reloaded before import = 0Number of asset objects unloaded after import = 0

========================================================================
Received Import Request.
  Time since last request: 0.000032 seconds.
  path: Packages/com.unity.shadergraph/GraphTemplates/Cross Pipeline/1_Lit Full.shadergraph
  artifactKey: Guid(aee84ce0dab81b049bb88017d78a63cd) Importer(815301076,1909f56bfc062723c751e8b465ee728b)
Start importing Packages/com.unity.shadergraph/GraphTemplates/Cross Pipeline/1_Lit Full.shadergraph using Guid(aee84ce0dab81b049bb88017d78a63cd) Importer(815301076,1909f56bfc062723c751e8b465ee728b) (PreviewImporter) -> (artifact id: '4e4eaba1c296b9f2f267ae7c97891104') in 0.4245949 seconds
Number of updated asset objects reloaded before import = 0Number of asset objects unloaded after import = 6

========================================================================
Received Import Request.
  Time since last request: 0.000049 seconds.
  path: Packages/com.unity.render-pipelines.universal/Runtime/Materials/Sprite-Lit-Default.mat
  artifactKey: Guid(a97c105638bdf8b4a8650670310a4cd3) Importer(815301076,1909f56bfc062723c751e8b465ee728b)
Start importing Packages/com.unity.render-pipelines.universal/Runtime/Materials/Sprite-Lit-Default.mat using Guid(a97c105638bdf8b4a8650670310a4cd3) Importer(815301076,1909f56bfc062723c751e8b465ee728b) (PreviewImporter) -> (artifact id: '2b4aebf08253b1b8fa4ae4512e793e80') in 0.0220378 seconds
Number of updated asset objects reloaded before import = 0Number of asset objects unloaded after import = 0

========================================================================
Received Import Request.
  Time since last request: 0.000035 seconds.
  path: Packages/com.unity.searcher/Editor/Resources/FlatSkin/Font/Roboto-ThinItalic.ttf
  artifactKey: Guid(b2ea3b3f1765e544b9eb5bd1a93a91ce) Importer(815301076,1909f56bfc062723c751e8b465ee728b)
Start importing Packages/com.unity.searcher/Editor/Resources/FlatSkin/Font/Roboto-ThinItalic.ttf using Guid(b2ea3b3f1765e544b9eb5bd1a93a91ce) Importer(815301076,1909f56bfc062723c751e8b465ee728b) (PreviewImporter) -> (artifact id: '1b427a5e6e925fd7dc14a6ecbf2b95fa') in 0.0147413 seconds
Number of updated asset objects reloaded before import = 0Number of asset objects unloaded after import = 4

========================================================================
Received Import Request.
  Time since last request: 0.000022 seconds.
  path: Packages/com.unity.shadergraph/GraphTemplates/Cross Pipeline/UGUI Canvas Basic.shadergraph
  artifactKey: Guid(5a4a765e921b8554eb959f7cf697b3be) Importer(815301076,1909f56bfc062723c751e8b465ee728b)
Start importing Packages/com.unity.shadergraph/GraphTemplates/Cross Pipeline/UGUI Canvas Basic.shadergraph using Guid(5a4a765e921b8554eb959f7cf697b3be) Importer(815301076,1909f56bfc062723c751e8b465ee728b) (PreviewImporter) -> (artifact id: 'be797968da1dc2e3afde64bbd6abeb07') in 0.2463441 seconds
Number of updated asset objects reloaded before import = 0Number of asset objects unloaded after import = 2

========================================================================
Received Import Request.
  Time since last request: 0.000059 seconds.
  path: Packages/com.unity.render-pipelines.core/Runtime/Debugging/Prefabs/Widgets/DebugUIEnumHistory.prefab
  artifactKey: Guid(b2da6b27df236b144b3516ed8e7d36ac) Importer(815301076,1909f56bfc062723c751e8b465ee728b)
Start importing Packages/com.unity.render-pipelines.core/Runtime/Debugging/Prefabs/Widgets/DebugUIEnumHistory.prefab using Guid(b2da6b27df236b144b3516ed8e7d36ac) Importer(815301076,1909f56bfc062723c751e8b465ee728b) (PreviewImporter) -> (artifact id: 'b5e17cd6daa2bad412ae04efe31fee7a') in 0.0092925 seconds
Number of updated asset objects reloaded before import = 0Number of asset objects unloaded after import = 15

========================================================================
Received Import Request.
  Time since last request: 0.000041 seconds.
  path: Packages/com.unity.render-pipelines.core/Runtime/Debugging/Prefabs/Widgets/DebugUIObjectPopupField.prefab
  artifactKey: Guid(48fb043c850cadc4a883b53785e14c6e) Importer(815301076,1909f56bfc062723c751e8b465ee728b)
Start importing Packages/com.unity.render-pipelines.core/Runtime/Debugging/Prefabs/Widgets/DebugUIObjectPopupField.prefab using Guid(48fb043c850cadc4a883b53785e14c6e) Importer(815301076,1909f56bfc062723c751e8b465ee728b) (PreviewImporter) -> (artifact id: 'caf9b37dc662b2086953404503970d2e') in 0.0065103 seconds
Number of updated asset objects reloaded before import = 0Number of asset objects unloaded after import = 27

========================================================================
Received Import Request.
  Time since last request: 0.000036 seconds.
  path: Packages/com.unity.render-pipelines.core/Runtime/Debugging/Prefabs/Widgets/DebugUIProgressBar.prefab
  artifactKey: Guid(d3770aaa3bbd8384aabab9ddd383e21e) Importer(815301076,1909f56bfc062723c751e8b465ee728b)
Start importing Packages/com.unity.render-pipelines.core/Runtime/Debugging/Prefabs/Widgets/DebugUIProgressBar.prefab using Guid(d3770aaa3bbd8384aabab9ddd383e21e) Importer(815301076,1909f56bfc062723c751e8b465ee728b) (PreviewImporter) -> (artifact id: '89eebb3335eaade6428002e84e620aa1') in 0.004078 seconds
Number of updated asset objects reloaded before import = 0Number of asset objects unloaded after import = 22

========================================================================
Received Import Request.
  Time since last request: 0.000030 seconds.
  path: Assets/Prefabs/Cabinet.prefab
  artifactKey: Guid(e11224d600c537a4c916491ef3245429) Importer(815301076,1909f56bfc062723c751e8b465ee728b)
Start importing Assets/Prefabs/Cabinet.prefab using Guid(e11224d600c537a4c916491ef3245429) Importer(815301076,1909f56bfc062723c751e8b465ee728b) (PreviewImporter) -> (artifact id: '07e9e3179a9c539750185fe077803d2a') in 0.0028037 seconds
Number of updated asset objects reloaded before import = 0Number of asset objects unloaded after import = 11

========================================================================
Received Import Request.
  Time since last request: 0.000021 seconds.
  path: Packages/com.unity.render-pipelines.core/Runtime/Debugging/Prefabs/Widgets/DebugUIRow.prefab
  artifactKey: Guid(2d019437ff89b8d44949727731cd9357) Importer(815301076,1909f56bfc062723c751e8b465ee728b)
Start importing Packages/com.unity.render-pipelines.core/Runtime/Debugging/Prefabs/Widgets/DebugUIRow.prefab using Guid(2d019437ff89b8d44949727731cd9357) Importer(815301076,1909f56bfc062723c751e8b465ee728b) (PreviewImporter) -> (artifact id: '4921caef0bf2d69bbecf2474b273177a') in 0.0070666 seconds
Number of updated asset objects reloaded before import = 0Number of asset objects unloaded after import = 34

========================================================================
Received Import Request.
  Time since last request: 0.000026 seconds.
  path: Packages/com.unity.render-pipelines.core/Runtime/Debugging/Prefabs/Widgets/DebugUIBitField.prefab
  artifactKey: Guid(7c78b588b2e1f7c4a86ca4a985cf6e4a) Importer(815301076,1909f56bfc062723c751e8b465ee728b)
Start importing Packages/com.unity.render-pipelines.core/Runtime/Debugging/Prefabs/Widgets/DebugUIBitField.prefab using Guid(7c78b588b2e1f7c4a86ca4a985cf6e4a) Importer(815301076,1909f56bfc062723c751e8b465ee728b) (PreviewImporter) -> (artifact id: '31f55d951049ad1f37812bcf168a675d') in 0.0136098 seconds
Number of updated asset objects reloaded before import = 0Number of asset objects unloaded after import = 612

========================================================================
Received Import Request.
  Time since last request: 0.000027 seconds.
  path: Packages/com.unity.render-pipelines.core/Runtime/Debugging/Prefabs/Widgets/DebugUIValueTuple.prefab
  artifactKey: Guid(a2148203dd960814ca5db0c293ceda35) Importer(815301076,1909f56bfc062723c751e8b465ee728b)
Start importing Packages/com.unity.render-pipelines.core/Runtime/Debugging/Prefabs/Widgets/DebugUIValueTuple.prefab using Guid(a2148203dd960814ca5db0c293ceda35) Importer(815301076,1909f56bfc062723c751e8b465ee728b) (PreviewImporter) -> (artifact id: 'be9eee1fb4bf3f1b70d43a1371b9aa4e') in 0.003299 seconds
Number of updated asset objects reloaded before import = 0Number of asset objects unloaded after import = 15

========================================================================
Received Import Request.
  Time since last request: 0.000055 seconds.
  path: Packages/com.unity.render-pipelines.core/Runtime/Debugging/Prefabs/Widgets/DebugUIValue.prefab
  artifactKey: Guid(dc0f88987826e6e48b1fe9c7c2b53a53) Importer(815301076,1909f56bfc062723c751e8b465ee728b)
Start importing Packages/com.unity.render-pipelines.core/Runtime/Debugging/Prefabs/Widgets/DebugUIValue.prefab using Guid(dc0f88987826e6e48b1fe9c7c2b53a53) Importer(815301076,1909f56bfc062723c751e8b465ee728b) (PreviewImporter) -> (artifact id: '89ede58ae5e6ef22c4da4dbfb863c301') in 0.0035952 seconds
Number of updated asset objects reloaded before import = 0Number of asset objects unloaded after import = 15

========================================================================
Received Import Request.
  Time since last request: 0.000050 seconds.
  path: Packages/com.unity.render-pipelines.universal/Shaders/AutodeskInteractive/AutodeskInteractiveMasked.shadergraph
  artifactKey: Guid(80aa867ac363ac043847b06ad71604cd) Importer(815301076,1909f56bfc062723c751e8b465ee728b)
Start importing Packages/com.unity.render-pipelines.universal/Shaders/AutodeskInteractive/AutodeskInteractiveMasked.shadergraph using Guid(80aa867ac363ac043847b06ad71604cd) Importer(815301076,1909f56bfc062723c751e8b465ee728b) (PreviewImporter) -> (artifact id: 'a9e57ae8a061e53cddd3d6ee62a0533a') in 0.3873033 seconds
Number of updated asset objects reloaded before import = 0Number of asset objects unloaded after import = 0

========================================================================
Received Import Request.
  Time since last request: 0.000027 seconds.
  path: Assets/Materials/middle.mat
  artifactKey: Guid(821102134bbfc7f48a04e24ea380491d) Importer(815301076,1909f56bfc062723c751e8b465ee728b)
Start importing Assets/Materials/middle.mat using Guid(821102134bbfc7f48a04e24ea380491d) Importer(815301076,1909f56bfc062723c751e8b465ee728b) (PreviewImporter) -> (artifact id: '9631742ddd5fe8c030b696f664ccf698') in 0.0188279 seconds
Number of updated asset objects reloaded before import = 0Number of asset objects unloaded after import = 2

========================================================================
Received Import Request.
  Time since last request: 0.000043 seconds.
  path: Assets/TextMesh Pro/Fonts/aseprite1 Bitmap.asset
  artifactKey: Guid(802876fd4ed3105468b64ca2259a7265) Importer(815301076,1909f56bfc062723c751e8b465ee728b)
Start importing Assets/TextMesh Pro/Fonts/aseprite1 Bitmap.asset using Guid(802876fd4ed3105468b64ca2259a7265) Importer(815301076,1909f56bfc062723c751e8b465ee728b) (PreviewImporter) -> (artifact id: '64ba44ec0d767058e9dce42e7d4ce607') in 0.0533768 seconds
Number of updated asset objects reloaded before import = 0Number of asset objects unloaded after import = 5

========================================================================
Received Import Request.
  Time since last request: 0.000035 seconds.
  path: Packages/com.unity.searcher/Editor/Resources/FlatSkin/Font/Roboto-Light.ttf
  artifactKey: Guid(2a29e27936eb547458f646f71125b264) Importer(815301076,1909f56bfc062723c751e8b465ee728b)
Start importing Packages/com.unity.searcher/Editor/Resources/FlatSkin/Font/Roboto-Light.ttf using Guid(2a29e27936eb547458f646f71125b264) Importer(815301076,1909f56bfc062723c751e8b465ee728b) (PreviewImporter) -> (artifact id: 'fd3f48a402e7d607e97bb3332e3f153c') in 0.0180927 seconds
Number of updated asset objects reloaded before import = 0Number of asset objects unloaded after import = 4

========================================================================
Received Import Request.
  Time since last request: 0.000034 seconds.
  path: Packages/com.unity.render-pipelines.universal/Shaders/FullscreenInvertColors.shadergraph
  artifactKey: Guid(fb6390f650ca44a5ba3246d8dda47927) Importer(815301076,1909f56bfc062723c751e8b465ee728b)
Start importing Packages/com.unity.render-pipelines.universal/Shaders/FullscreenInvertColors.shadergraph using Guid(fb6390f650ca44a5ba3246d8dda47927) Importer(815301076,1909f56bfc062723c751e8b465ee728b) (PreviewImporter) -> (artifact id: '7519d15621e45bcad8f0a17e4d4afe63') in 0.246776 seconds
Number of updated asset objects reloaded before import = 0Number of asset objects unloaded after import = 2

========================================================================
Received Import Request.
  Time since last request: 0.000036 seconds.
  path: Packages/com.unity.render-pipelines.core/Runtime/Debugging/Prefabs/Widgets/DebugUIPanel.prefab
  artifactKey: Guid(daa46a58178a6ad41ae1ddc2dc7f856d) Importer(815301076,1909f56bfc062723c751e8b465ee728b)
Start importing Packages/com.unity.render-pipelines.core/Runtime/Debugging/Prefabs/Widgets/DebugUIPanel.prefab using Guid(daa46a58178a6ad41ae1ddc2dc7f856d) Importer(815301076,1909f56bfc062723c751e8b465ee728b) (PreviewImporter) -> (artifact id: 'c5ad0a9cecf5016a63d00aac28edbd7e') in 0.0135272 seconds
Number of updated asset objects reloaded before import = 0Number of asset objects unloaded after import = 98

========================================================================
Received Import Request.
  Time since last request: 0.000032 seconds.
  path: Packages/com.unity.render-pipelines.universal/Editor/ShaderGraph/GraphTemplates/2D/2_2D Sprite Custom Lit.shadergraph
  artifactKey: Guid(bfad0aba0faa90547b68abd10bb6be86) Importer(815301076,1909f56bfc062723c751e8b465ee728b)
Start importing Packages/com.unity.render-pipelines.universal/Editor/ShaderGraph/GraphTemplates/2D/2_2D Sprite Custom Lit.shadergraph using Guid(bfad0aba0faa90547b68abd10bb6be86) Importer(815301076,1909f56bfc062723c751e8b465ee728b) (PreviewImporter) -> (artifact id: 'c2dece3d5b69846012f86edd3bee5488') in 0.2200579 seconds
Number of updated asset objects reloaded before import = 0Number of asset objects unloaded after import = 2

========================================================================
Received Import Request.
  Time since last request: 0.000044 seconds.
  path: Packages/com.unity.render-pipelines.core/Runtime/RenderPipelineResources/Mesh/UnityMaterialBall.fbx
  artifactKey: Guid(39857cfad1651644682ff5b772e6e697) Importer(815301076,1909f56bfc062723c751e8b465ee728b)
Start importing Packages/com.unity.render-pipelines.core/Runtime/RenderPipelineResources/Mesh/UnityMaterialBall.fbx using Guid(39857cfad1651644682ff5b772e6e697) Importer(815301076,1909f56bfc062723c751e8b465ee728b) (PreviewImporter) -> (artifact id: '1baaf14bcd840196369954c800b34df5') in 0.0983208 seconds
Number of updated asset objects reloaded before import = 0Number of asset objects unloaded after import = 63

========================================================================
Received Import Request.
  Time since last request: 0.000170 seconds.
  path: Packages/com.unity.shadergraph/GraphTemplates/BuiltIn/BuiltIn Unlit Basic.shadergraph
  artifactKey: Guid(9618d41bb71f74048bb6cace8785b93d) Importer(815301076,1909f56bfc062723c751e8b465ee728b)
Start importing Packages/com.unity.shadergraph/GraphTemplates/BuiltIn/BuiltIn Unlit Basic.shadergraph using Guid(9618d41bb71f74048bb6cace8785b93d) Importer(815301076,1909f56bfc062723c751e8b465ee728b) (PreviewImporter) -> (artifact id: '3e24897b69abbe250c42dd8fa04cf83c') in 0.2056185 seconds
Number of updated asset objects reloaded before import = 0Number of asset objects unloaded after import = 2

========================================================================
Received Import Request.
  Time since last request: 0.000029 seconds.
  path: Packages/com.unity.render-pipelines.core/Runtime/RenderPipelineResources/Mesh/SamplesFixture.fbx
  artifactKey: Guid(b28fa67a0ff82c5478f27368dc627683) Importer(815301076,1909f56bfc062723c751e8b465ee728b)
Start importing Packages/com.unity.render-pipelines.core/Runtime/RenderPipelineResources/Mesh/SamplesFixture.fbx using Guid(b28fa67a0ff82c5478f27368dc627683) Importer(815301076,1909f56bfc062723c751e8b465ee728b) (PreviewImporter) -> (artifact id: '65f6dce0c209889cd56f9fd7b37d12e6') in 0.0359228 seconds
Number of updated asset objects reloaded before import = 0Number of asset objects unloaded after import = 9

========================================================================
Received Import Request.
  Time since last request: 0.000044 seconds.
  path: Packages/com.unity.render-pipelines.core/Runtime/Debugging/Prefabs/Widgets/DebugUIGroup.prefab
  artifactKey: Guid(38a07789c9e87004dad98c2909f58369) Importer(815301076,1909f56bfc062723c751e8b465ee728b)
Start importing Packages/com.unity.render-pipelines.core/Runtime/Debugging/Prefabs/Widgets/DebugUIGroup.prefab using Guid(38a07789c9e87004dad98c2909f58369) Importer(815301076,1909f56bfc062723c751e8b465ee728b) (PreviewImporter) -> (artifact id: '819422ba9e53b12435e04f227a14f672') in 0.0038396 seconds
Number of updated asset objects reloaded before import = 0Number of asset objects unloaded after import = 23

========================================================================
Received Import Request.
  Time since last request: 0.000020 seconds.
  path: Assets/TextMesh Pro/Shaders/TMP_SDF-HDRP LIT.shadergraph
  artifactKey: Guid(ca2ed216f98028c4dae6c5224a952b3c) Importer(815301076,1909f56bfc062723c751e8b465ee728b)
Start importing Assets/TextMesh Pro/Shaders/TMP_SDF-HDRP LIT.shadergraph using Guid(ca2ed216f98028c4dae6c5224a952b3c) Importer(815301076,1909f56bfc062723c751e8b465ee728b) (PreviewImporter) -> (artifact id: 'ad4990ec70a8ebab1d1b9f52674bfe92') in 0.0194755 seconds
Number of updated asset objects reloaded before import = 0Number of asset objects unloaded after import = 2

========================================================================
Received Import Request.
  Time since last request: 0.000026 seconds.
  path: Assets/TextMesh Pro/Resources/Fonts & Materials/LiberationSans SDF - Outline.mat
  artifactKey: Guid(79459efec17a4d00a321bdcc27bbc385) Importer(815301076,1909f56bfc062723c751e8b465ee728b)
Start importing Assets/TextMesh Pro/Resources/Fonts & Materials/LiberationSans SDF - Outline.mat using Guid(79459efec17a4d00a321bdcc27bbc385) Importer(815301076,1909f56bfc062723c751e8b465ee728b) (PreviewImporter) -> (artifact id: '22e534588b365e7ecf2af0104fb49c5b') in 0.0963717 seconds
Number of updated asset objects reloaded before import = 0Number of asset objects unloaded after import = 2

========================================================================
Received Import Request.
  Time since last request: 0.000037 seconds.
  path: Packages/com.unity.shadergraph/GraphTemplates/Cross Pipeline/Terrain Simple.shadergraph
  artifactKey: Guid(def488a52add6574d9f295a507032cb8) Importer(815301076,1909f56bfc062723c751e8b465ee728b)
Start importing Packages/com.unity.shadergraph/GraphTemplates/Cross Pipeline/Terrain Simple.shadergraph using Guid(def488a52add6574d9f295a507032cb8) Importer(815301076,1909f56bfc062723c751e8b465ee728b) (PreviewImporter) -> (artifact id: 'adde8ede2560575fd3cd6d8f35fa042c') in 0.0141993 seconds
Number of updated asset objects reloaded before import = 0Number of asset objects unloaded after import = 4

========================================================================
Received Import Request.
  Time since last request: 0.000033 seconds.
  path: Packages/com.unity.render-pipelines.core/Runtime/Debugging/Prefabs/Widgets/DebugUIFoldout.prefab
  artifactKey: Guid(1c87ab2ce8b8b304d98fbe9a734b1f74) Importer(815301076,1909f56bfc062723c751e8b465ee728b)
Start importing Packages/com.unity.render-pipelines.core/Runtime/Debugging/Prefabs/Widgets/DebugUIFoldout.prefab using Guid(1c87ab2ce8b8b304d98fbe9a734b1f74) Importer(815301076,1909f56bfc062723c751e8b465ee728b) (PreviewImporter) -> (artifact id: 'd728e5abb1fd448b4839c7db216cd0f6') in 0.0042479 seconds
Number of updated asset objects reloaded before import = 0Number of asset objects unloaded after import = 34

========================================================================
Received Import Request.
  Time since last request: 0.000030 seconds.
  path: Packages/com.unity.render-pipelines.core/Runtime/Debugging/Prefabs/Widgets/DebugUIUIntField.prefab
  artifactKey: Guid(f22bcc84a5f4a1944b075a2c4ac71493) Importer(815301076,1909f56bfc062723c751e8b465ee728b)
Start importing Packages/com.unity.render-pipelines.core/Runtime/Debugging/Prefabs/Widgets/DebugUIUIntField.prefab using Guid(f22bcc84a5f4a1944b075a2c4ac71493) Importer(815301076,1909f56bfc062723c751e8b465ee728b) (PreviewImporter) -> (artifact id: '12df77848aa6be11c04b78a6933adf2d') in 0.0046053 seconds
Number of updated asset objects reloaded before import = 0Number of asset objects unloaded after import = 37

========================================================================
Received Import Request.
  Time since last request: 0.000027 seconds.
  path: Packages/com.unity.render-pipelines.universal/Editor/SceneTemplates/Materials/Ground.mat
  artifactKey: Guid(761d8e1f988ed2345a28312145c79c6e) Importer(815301076,1909f56bfc062723c751e8b465ee728b)
Start importing Packages/com.unity.render-pipelines.universal/Editor/SceneTemplates/Materials/Ground.mat using Guid(761d8e1f988ed2345a28312145c79c6e) Importer(815301076,1909f56bfc062723c751e8b465ee728b) (PreviewImporter) -> (artifact id: 'e7428ed1a9ddbf5402c2af1dd2fca63c') in 0.023006 seconds
Number of updated asset objects reloaded before import = 0Number of asset objects unloaded after import = 1

========================================================================
Received Import Request.
  Time since last request: 0.000025 seconds.
  path: Packages/com.unity.2d.psdimporter/Editor/Assets/root-green.mat
  artifactKey: Guid(bc6da4580f5514e458fe5def87e138be) Importer(815301076,1909f56bfc062723c751e8b465ee728b)
Start importing Packages/com.unity.2d.psdimporter/Editor/Assets/root-green.mat using Guid(bc6da4580f5514e458fe5def87e138be) Importer(815301076,1909f56bfc062723c751e8b465ee728b) (PreviewImporter) -> (artifact id: '01ffc009e8bb58d04f7941078beba25a') in 0.0188782 seconds
Number of updated asset objects reloaded before import = 0Number of asset objects unloaded after import = 1

========================================================================
Received Import Request.
  Time since last request: 0.000025 seconds.
  path: Packages/com.unity.render-pipelines.universal/Editor/SceneTemplates/Materials/Black.mat
  artifactKey: Guid(4f1ef37ae953c484bbc5d5e4049147e5) Importer(815301076,1909f56bfc062723c751e8b465ee728b)
Start importing Packages/com.unity.render-pipelines.universal/Editor/SceneTemplates/Materials/Black.mat using Guid(4f1ef37ae953c484bbc5d5e4049147e5) Importer(815301076,1909f56bfc062723c751e8b465ee728b) (PreviewImporter) -> (artifact id: 'b437885098322104f3d9962a15762362') in 0.0218385 seconds
Number of updated asset objects reloaded before import = 0Number of asset objects unloaded after import = 1

========================================================================
Received Import Request.
  Time since last request: 0.000064 seconds.
  path: Assets/TextMesh Pro/Shaders/TMP_SDF-URP Lit.shadergraph
  artifactKey: Guid(a3d800b099a06e0478fb790c5e79057a) Importer(815301076,1909f56bfc062723c751e8b465ee728b)
Start importing Assets/TextMesh Pro/Shaders/TMP_SDF-URP Lit.shadergraph using Guid(a3d800b099a06e0478fb790c5e79057a) Importer(815301076,1909f56bfc062723c751e8b465ee728b) (PreviewImporter) -> (artifact id: '9eb0a90017b1e35a878e3606b70a6841') in 0.4863764 seconds
Number of updated asset objects reloaded before import = 0Number of asset objects unloaded after import = 3

========================================================================
Received Import Request.
  Time since last request: 2.932005 seconds.
  path: Assets/Scenes/Basement.unity
  artifactKey: Guid(5efa84d2e2335ed49a0edf79a42ba9e4) Importer(815301076,1909f56bfc062723c751e8b465ee728b)
Start importing Assets/Scenes/Basement.unity using Guid(5efa84d2e2335ed49a0edf79a42ba9e4) Importer(815301076,1909f56bfc062723c751e8b465ee728b) (PreviewImporter) -> (artifact id: 'b3373cf4389ab08a20f6febce1ce1fd1') in 0.000881 seconds
Number of updated asset objects reloaded before import = 0Number of asset objects unloaded after import = 0

========================================================================
Received Import Request.
  Time since last request: 1.120807 seconds.
  path: Assets/Scenes/Office.unity
  artifactKey: Guid(e4bcaf2c56b655a4e8fdf3bfc77a197c) Importer(815301076,1909f56bfc062723c751e8b465ee728b)
Start importing Assets/Scenes/Office.unity using Guid(e4bcaf2c56b655a4e8fdf3bfc77a197c) Importer(815301076,1909f56bfc062723c751e8b465ee728b) (PreviewImporter) -> (artifact id: 'd15dc19c725962dde1e30fdfea98521b') in 0.0005573 seconds
Number of updated asset objects reloaded before import = 0Number of asset objects unloaded after import = 0

========================================================================
Received Import Request.
  Time since last request: 5.489724 seconds.
  path: Assets/Scenes/Park.unity
  artifactKey: Guid(05c8b29fe6d3f5247a856abe142bdc44) Importer(815301076,1909f56bfc062723c751e8b465ee728b)
Start importing Assets/Scenes/Park.unity using Guid(05c8b29fe6d3f5247a856abe142bdc44) Importer(815301076,1909f56bfc062723c751e8b465ee728b) (PreviewImporter) -> (artifact id: '6ca2dac9920ce9f050faeca3b9a2ad3b') in 0.0006582 seconds
Number of updated asset objects reloaded before import = 0Number of asset objects unloaded after import = 0

========================================================================
Received Import Request.
  Time since last request: 11.011365 seconds.
  path: Packages/com.unity.2d.aseprite/package.json
  artifactKey: Guid(fcf2f4964f64c4a0fa8c994d677d8bd9) Importer(815301076,1909f56bfc062723c751e8b465ee728b)
Start importing Packages/com.unity.2d.aseprite/package.json using Guid(fcf2f4964f64c4a0fa8c994d677d8bd9) Importer(815301076,1909f56bfc062723c751e8b465ee728b) (PreviewImporter) -> (artifact id: 'a18ccdcfae35b8a9b38e3fb31e572b4e') in 0.0013606 seconds
Number of updated asset objects reloaded before import = 0Number of asset objects unloaded after import = 1

========================================================================
Received Import Request.
  Time since last request: 2.692573 seconds.
  path: Packages/com.unity.ide.visualstudio/package.json
  artifactKey: Guid(656f74f6edaa396458412b9e3903d8cd) Importer(815301076,1909f56bfc062723c751e8b465ee728b)
Start importing Packages/com.unity.ide.visualstudio/package.json using Guid(656f74f6edaa396458412b9e3903d8cd) Importer(815301076,1909f56bfc062723c751e8b465ee728b) (PreviewImporter) -> (artifact id: '37c2e813e278a6bb7666e65702a9d7f0') in 0.0009479 seconds
Number of updated asset objects reloaded before import = 0Number of asset objects unloaded after import = 1

========================================================================
Received Import Request.
  Time since last request: 0.656259 seconds.
  path: Packages/com.unity.render-pipelines.core/package.json
  artifactKey: Guid(753d1ac2429a21a44ac5f937cbbb409f) Importer(815301076,1909f56bfc062723c751e8b465ee728b)
Start importing Packages/com.unity.render-pipelines.core/package.json using Guid(753d1ac2429a21a44ac5f937cbbb409f) Importer(815301076,1909f56bfc062723c751e8b465ee728b) (PreviewImporter) -> (artifact id: 'b0e67ecc1f087ed4b1935deca8bf8e3c') in 0.0010507 seconds
Number of updated asset objects reloaded before import = 0Number of asset objects unloaded after import = 1

========================================================================
Received Import Request.
  Time since last request: 0.863263 seconds.
  path: Packages/com.unity.collections/package.json
  artifactKey: Guid(bd605698a338c4de88bb5b3c4632af68) Importer(815301076,1909f56bfc062723c751e8b465ee728b)
Start importing Packages/com.unity.collections/package.json using Guid(bd605698a338c4de88bb5b3c4632af68) Importer(815301076,1909f56bfc062723c751e8b465ee728b) (PreviewImporter) -> (artifact id: 'ad15d3c57b41542f156449a27a33667b') in 0.0010789 seconds
Number of updated asset objects reloaded before import = 0Number of asset objects unloaded after import = 1

========================================================================
Received Import Request.
  Time since last request: 0.450368 seconds.
  path: Packages/com.unity.2d.tooling/package.json
  artifactKey: Guid(6d3791efd4b0a3c4fbc07f64e22a61b3) Importer(815301076,1909f56bfc062723c751e8b465ee728b)
Start importing Packages/com.unity.2d.tooling/package.json using Guid(6d3791efd4b0a3c4fbc07f64e22a61b3) Importer(815301076,1909f56bfc062723c751e8b465ee728b) (PreviewImporter) -> (artifact id: '363ba07c10f466ed0f6e9c24bded8d5d') in 0.0011455 seconds
Number of updated asset objects reloaded before import = 0Number of asset objects unloaded after import = 1

========================================================================
Received Import Request.
  Time since last request: 3.231025 seconds.
  path: Assets/Settings/Lit2DSceneTemplate.scenetemplate
  artifactKey: Guid(d03ed43fc9d8a4f2e9fa70c1c7916eb9) Importer(815301076,1909f56bfc062723c751e8b465ee728b)
Start importing Assets/Settings/Lit2DSceneTemplate.scenetemplate using Guid(d03ed43fc9d8a4f2e9fa70c1c7916eb9) Importer(815301076,1909f56bfc062723c751e8b465ee728b) (PreviewImporter) -> (artifact id: '857eef42167e2f3ff0d162c750a2d76e') in 0.0723289 seconds
Number of updated asset objects reloaded before import = 0Number of asset objects unloaded after import = 4

========================================================================
Received Import Request.
  Time since last request: 18.777448 seconds.
  path: Assets/Scenes/Park.unity
  artifactKey: Guid(05c8b29fe6d3f5247a856abe142bdc44) Importer(2089858483,b0f066a214c2f5e87bad3c948f4d605d)
Start importing Assets/Scenes/Park.unity using Guid(05c8b29fe6d3f5247a856abe142bdc44) Importer(2089858483,b0f066a214c2f5e87bad3c948f4d605d) (ScriptedImporter) -> (artifact id: 'dfd665e053bf0a03de794e2148cfe4f0') in 0.052591 seconds
Number of updated asset objects reloaded before import = 0Number of asset objects unloaded after import = 1

========================================================================
Received Import Request.
  Time since last request: 10.927867 seconds.
  path: Assets/Prefabs/ParkMonter.prefab
  artifactKey: Guid(2b1dd6065ae1b3844b37f85286ce5c77) Importer(815301076,1909f56bfc062723c751e8b465ee728b)
Start importing Assets/Prefabs/ParkMonter.prefab using Guid(2b1dd6065ae1b3844b37f85286ce5c77) Importer(815301076,1909f56bfc062723c751e8b465ee728b) (PreviewImporter) -> (artifact id: '23269a967b843bddb3453f6dafb946de') in 0.0044008 seconds
Number of updated asset objects reloaded before import = 0Number of asset objects unloaded after import = 10

========================================================================
Received Import Request.
  Time since last request: 0.932398 seconds.
  path: Assets/Prefabs/ParkMonter.prefab
  artifactKey: Guid(2b1dd6065ae1b3844b37f85286ce5c77) Importer(815301076,1909f56bfc062723c751e8b465ee728b)
Start importing Assets/Prefabs/ParkMonter.prefab using Guid(2b1dd6065ae1b3844b37f85286ce5c77) Importer(815301076,1909f56bfc062723c751e8b465ee728b) (PreviewImporter) -> (artifact id: 'b89dfe97bc9df52b4434cca8db5824a0') in 0.0018957 seconds
Number of updated asset objects reloaded before import = 0Number of asset objects unloaded after import = 10

========================================================================
Received Import Request.
  Time since last request: 2.358128 seconds.
  path: Assets/Prefabs/ParkMonter.prefab
  artifactKey: Guid(2b1dd6065ae1b3844b37f85286ce5c77) Importer(2089858483,b0f066a214c2f5e87bad3c948f4d605d)
Start importing Assets/Prefabs/ParkMonter.prefab using Guid(2b1dd6065ae1b3844b37f85286ce5c77) Importer(2089858483,b0f066a214c2f5e87bad3c948f4d605d) (ScriptedImporter) -> (artifact id: 'f211413938c26497d6cbb93cccdac2f0') in 0.1046932 seconds
Number of updated asset objects reloaded before import = 0Number of asset objects unloaded after import = 14

========================================================================
Received Import Request.
  Time since last request: 11.780349 seconds.
  path: Assets/Prefabs/ParkMonster.prefab
  artifactKey: Guid(2b1dd6065ae1b3844b37f85286ce5c77) Importer(815301076,1909f56bfc062723c751e8b465ee728b)
Start importing Assets/Prefabs/ParkMonster.prefab using Guid(2b1dd6065ae1b3844b37f85286ce5c77) Importer(815301076,1909f56bfc062723c751e8b465ee728b) (PreviewImporter) -> (artifact id: 'ee25c6dfe1a3ad431694cacda3c788b4') in 0.0021544 seconds
Number of updated asset objects reloaded before import = 0Number of asset objects unloaded after import = 10

========================================================================
Received Import Request.
  Time since last request: 0.970829 seconds.
  path: Assets/Prefabs/ParkMonster.prefab
  artifactKey: Guid(2b1dd6065ae1b3844b37f85286ce5c77) Importer(2089858483,b0f066a214c2f5e87bad3c948f4d605d)
Start importing Assets/Prefabs/ParkMonster.prefab using Guid(2b1dd6065ae1b3844b37f85286ce5c77) Importer(2089858483,b0f066a214c2f5e87bad3c948f4d605d) (ScriptedImporter) -> (artifact id: '73136bc626694653bb2e43477abf0782') in 0.0153151 seconds
Number of updated asset objects reloaded before import = 0Number of asset objects unloaded after import = 14

========================================================================
Received Import Request.
  Time since last request: 12.117888 seconds.
  path: Assets/Scenes/Park.unity
  artifactKey: Guid(05c8b29fe6d3f5247a856abe142bdc44) Importer(2089858483,b0f066a214c2f5e87bad3c948f4d605d)
Start importing Assets/Scenes/Park.unity using Guid(05c8b29fe6d3f5247a856abe142bdc44) Importer(2089858483,b0f066a214c2f5e87bad3c948f4d605d) (ScriptedImporter) -> (artifact id: 'f4a3f2719b8fa80427635156c6d2ba42') in 0.0150554 seconds
Number of updated asset objects reloaded before import = 0Number of asset objects unloaded after import = 1

========================================================================
Received Import Request.
  Time since last request: 39.929576 seconds.
  path: Packages/com.unity.2d.tilemap/package.json
  artifactKey: Guid(51797d68d3132bb419217a229e09fc47) Importer(815301076,1909f56bfc062723c751e8b465ee728b)
Start importing Packages/com.unity.2d.tilemap/package.json using Guid(51797d68d3132bb419217a229e09fc47) Importer(815301076,1909f56bfc062723c751e8b465ee728b) (PreviewImporter) -> (artifact id: 'c487cee4867783315ed3c9d4d6beab8c') in 0.0009539 seconds
Number of updated asset objects reloaded before import = 0Number of asset objects unloaded after import = 1

========================================================================
Received Import Request.
  Time since last request: 20.592294 seconds.
  path: Assets/Scenes/Park.unity
  artifactKey: Guid(05c8b29fe6d3f5247a856abe142bdc44) Importer(2089858483,b0f066a214c2f5e87bad3c948f4d605d)
Start importing Assets/Scenes/Park.unity using Guid(05c8b29fe6d3f5247a856abe142bdc44) Importer(2089858483,b0f066a214c2f5e87bad3c948f4d605d) (ScriptedImporter) -> (artifact id: '1704e89f34cf33b41a2d7963812171dd') in 0.0154268 seconds
Number of updated asset objects reloaded before import = 0Number of asset objects unloaded after import = 1

========================================================================
Received Prepare
Assembly reference Packages/com.unity.cinemachine/Editor/Samples/ExposeHDRPInternals/HDRP-Editor-ref.asmref has no target assembly definition
Assembly reference Packages/com.unity.cinemachine/Editor/Samples/ExposeHDRPInternals/HDRP-Editor-ref.asmref has no target assembly definition
Begin MonoManager ReloadAssembly
[Licensing::Client] Successfully resolved entitlement details
Symbol file LoadedFromMemory is not a mono symbol file
- Loaded All Assemblies, in  0.916 seconds
Assembly reference Packages/com.unity.cinemachine/Editor/Samples/ExposeHDRPInternals/HDRP-Editor-ref.asmref has no target assembly definition
'Packages/com.unity.cinemachine/Editor/Obsolete/CinemachineVirtualCameraBaseEditor.cs' contains partial class of Unity.Object, exactly 1 of the partial classes needs to be in a file with the same filename. This is to know the one that can be referenced from ie. GameObjects
'Packages/com.unity.cinemachine/Editor/Editors/CinemachineVirtualCameraBaseEditor.cs' contains partial class of Unity.Object, exactly 1 of the partial classes needs to be in a file with the same filename. This is to know the one that can be referenced from ie. GameObjects
Refreshing native plugins compatible for Editor in 1.78 ms, found 5 plugins.
Native extension for WindowsStandalone target not found
Assembly reference Packages/com.unity.cinemachine/Editor/Samples/ExposeHDRPInternals/HDRP-Editor-ref.asmref has no target assembly definition
[Package Manager] Failed to launch server process. Reason: Unity was launched with the -noUpm command-line argument
[Package Manager] Unable to send message (not connected to server process).
[Package Manager] Cannot connect to Unity Package Manager local server
[Package Manager] Failed to launch server process. Reason: Unity was launched with the -noUpm command-line argument
[Package Manager] Unable to send message (not connected to server process).
[Package Manager] Cannot connect to Unity Package Manager local server
[Package Manager] Failed to launch server process. Reason: Unity was launched with the -noUpm command-line argument
[Package Manager] Unable to send message (not connected to server process).
[Package Manager] Cannot connect to Unity Package Manager local server
ScheduleIndexationOnStartup MainProcess:False IndexOnStartup:True
Mono: successfully reloaded assembly
- Finished resetting the current domain, in  0.837 seconds
Domain Reload Profiling: 1754ms
	BeginReloadAssembly (246ms)
		ExecutionOrderSort (0ms)
		DisableScriptedObjects (30ms)
		BackupInstance (0ms)
		ReleaseScriptingObjects (0ms)
		CreateAndSetChildDomain (61ms)
	RebuildCommonClasses (43ms)
	RebuildNativeTypeToScriptingClass (14ms)
	initialDomainReloadingComplete (30ms)
	LoadAllAssembliesAndSetupDomain (585ms)
		LoadAssemblies (387ms)
		RebuildTransferFunctionScriptingTraits (0ms)
		AnalyzeDomain (291ms)
			TypeCache.Refresh (10ms)
				TypeCache.ScanAssembly (0ms)
			BuildScriptInfoCaches (260ms)
			ResolveRequiredComponents (14ms)
	FinalizeReload (837ms)
		ReleaseScriptCaches (0ms)
		RebuildScriptCaches (0ms)
		SetupLoadedEditorAssemblies (655ms)
			LogAssemblyErrors (0ms)
			InitializePlatformSupportModulesInManaged (1ms)
			SetLoadedEditorAssemblies (4ms)
			BeforeProcessingInitializeOnLoad (161ms)
			ProcessInitializeOnLoadAttributes (386ms)
			ProcessInitializeOnLoadMethodAttributes (97ms)
			AfterProcessingInitializeOnLoad (6ms)
			EditorAssembliesLoaded (1ms)
		ExecutionOrderSort2 (0ms)
		AwakeInstancesAfterBackupRestoration (18ms)
Refreshing native plugins compatible for Editor in 2.91 ms, found 5 plugins.
Preloading 0 native plugins for Editor in 0.00 ms.
Unloading 17 Unused Serialized files (Serialized files now loaded: 0)
Unloading 8013 unused Assets / (5.9 MB). Loaded Objects now: 8901.
Memory consumption went from 172.1 MB to 166.1 MB.
Total: 13.486000 ms (FindLiveObjects: 1.199400 ms CreateObjectMapping: 1.432600 ms MarkObjects: 7.218800 ms  DeleteObjects: 3.633300 ms)

Prepare: number of updated asset objects reloaded= 0
========================================================================
Received Import Request.
  Time since last request: 304.315678 seconds.
  path: Assets/Script/CatCollectible.cs
  artifactKey: Guid(d32ae149212cb654db89f9820ceabc5a) Importer(815301076,1909f56bfc062723c751e8b465ee728b)
Start importing Assets/Script/CatCollectible.cs using Guid(d32ae149212cb654db89f9820ceabc5a) Importer(815301076,1909f56bfc062723c751e8b465ee728b) (PreviewImporter) -> (artifact id: '056396cb44d470e3f7084471141dd50f') in 0.0035759 seconds
Number of updated asset objects reloaded before import = 0Number of asset objects unloaded after import = 0

========================================================================
Received Import Request.
  Time since last request: 9.564927 seconds.
  path: Assets/Script/CatManager.cs
  artifactKey: Guid(8d710192e896b6b4bb67a19a2c8987dc) Importer(815301076,1909f56bfc062723c751e8b465ee728b)
Start importing Assets/Script/CatManager.cs using Guid(8d710192e896b6b4bb67a19a2c8987dc) Importer(815301076,1909f56bfc062723c751e8b465ee728b) (PreviewImporter) -> (artifact id: '0511612d984a18d609cab05a4482623f') in 0.0006727 seconds
Number of updated asset objects reloaded before import = 0Number of asset objects unloaded after import = 0

========================================================================
Received Import Request.
  Time since last request: 6.829827 seconds.
  path: Assets/Script/CatPopup.cs
  artifactKey: Guid(33eccc5285f0ac04e9b7b3423595af99) Importer(815301076,1909f56bfc062723c751e8b465ee728b)
Start importing Assets/Script/CatPopup.cs using Guid(33eccc5285f0ac04e9b7b3423595af99) Importer(815301076,1909f56bfc062723c751e8b465ee728b) (PreviewImporter) -> (artifact id: '74772b4a2c4decb41fa13b91e8eb235c') in 0.0005975 seconds
Number of updated asset objects reloaded before import = 0Number of asset objects unloaded after import = 0

========================================================================
Received Import Request.
  Time since last request: 8.027397 seconds.
  path: Assets/Script/CoatHanger.cs
  artifactKey: Guid(5140db4694b5961468934ef651868690) Importer(815301076,1909f56bfc062723c751e8b465ee728b)
Start importing Assets/Script/CoatHanger.cs using Guid(5140db4694b5961468934ef651868690) Importer(815301076,1909f56bfc062723c751e8b465ee728b) (PreviewImporter) -> (artifact id: 'bcc549eac2233efb26f13dbefc170bf3') in 0.0009502 seconds
Number of updated asset objects reloaded before import = 0Number of asset objects unloaded after import = 0

========================================================================
Received Import Request.
  Time since last request: 5.536780 seconds.
  path: Assets/Script/CursorHoverTarget.cs
  artifactKey: Guid(1db41267c7794dd468ecff3fd38cced0) Importer(815301076,1909f56bfc062723c751e8b465ee728b)
Start importing Assets/Script/CursorHoverTarget.cs using Guid(1db41267c7794dd468ecff3fd38cced0) Importer(815301076,1909f56bfc062723c751e8b465ee728b) (PreviewImporter) -> (artifact id: '4a10ac0fb1efd5b28e2f83e3b0bfdae1') in 0.0005828 seconds
Number of updated asset objects reloaded before import = 0Number of asset objects unloaded after import = 0

========================================================================
Received Import Request.
  Time since last request: 1.046749 seconds.
  path: Assets/Script/CursorManager.cs
  artifactKey: Guid(feb6dcb0a3d673b46896320834c553ec) Importer(815301076,1909f56bfc062723c751e8b465ee728b)
Start importing Assets/Script/CursorManager.cs using Guid(feb6dcb0a3d673b46896320834c553ec) Importer(815301076,1909f56bfc062723c751e8b465ee728b) (PreviewImporter) -> (artifact id: '5076518680034e8908538a9c893696ce') in 0.000595 seconds
Number of updated asset objects reloaded before import = 0Number of asset objects unloaded after import = 0

========================================================================
Received Import Request.
  Time since last request: 2.131078 seconds.
  path: Assets/Script/CursorType.cs
  artifactKey: Guid(2c1ff9e46f6ca97468a19d60c874e0d7) Importer(815301076,1909f56bfc062723c751e8b465ee728b)
Start importing Assets/Script/CursorType.cs using Guid(2c1ff9e46f6ca97468a19d60c874e0d7) Importer(815301076,1909f56bfc062723c751e8b465ee728b) (PreviewImporter) -> (artifact id: 'e6d47499518b680fcd357622c0a984c7') in 0.000773 seconds
Number of updated asset objects reloaded before import = 0Number of asset objects unloaded after import = 0

========================================================================
Received Import Request.
  Time since last request: 1.052147 seconds.
  path: Assets/Script/DeathScreen.cs
  artifactKey: Guid(71c8622f6578d534dbc54da7eb49536b) Importer(815301076,1909f56bfc062723c751e8b465ee728b)
Start importing Assets/Script/DeathScreen.cs using Guid(71c8622f6578d534dbc54da7eb49536b) Importer(815301076,1909f56bfc062723c751e8b465ee728b) (PreviewImporter) -> (artifact id: 'df7b4e8d9554b9785fc9609135e8cf42') in 0.0006163 seconds
Number of updated asset objects reloaded before import = 0Number of asset objects unloaded after import = 0

========================================================================
Received Import Request.
  Time since last request: 4.961760 seconds.
  path: Assets/Script/DeskPuzzle.cs
  artifactKey: Guid(0cf5ca1b780c2db428a7407a1a0f1705) Importer(815301076,1909f56bfc062723c751e8b465ee728b)
Start importing Assets/Script/DeskPuzzle.cs using Guid(0cf5ca1b780c2db428a7407a1a0f1705) Importer(815301076,1909f56bfc062723c751e8b465ee728b) (PreviewImporter) -> (artifact id: 'f889cc47246ee1ffd96251823bf38bc7') in 0.0006634 seconds
Number of updated asset objects reloaded before import = 0Number of asset objects unloaded after import = 0

========================================================================
Received Import Request.
  Time since last request: 1.678024 seconds.
  path: Assets/Script/DialogueTrigger.cs
  artifactKey: Guid(cbc8a116f83bea141a09ae24ae4fe093) Importer(815301076,1909f56bfc062723c751e8b465ee728b)
Start importing Assets/Script/DialogueTrigger.cs using Guid(cbc8a116f83bea141a09ae24ae4fe093) Importer(815301076,1909f56bfc062723c751e8b465ee728b) (PreviewImporter) -> (artifact id: '5aa18d7c0ea017eb4ca13e0c74a012a8') in 0.0007396 seconds
Number of updated asset objects reloaded before import = 0Number of asset objects unloaded after import = 0

========================================================================
Received Import Request.
  Time since last request: 0.571267 seconds.
  path: Assets/Script/DialogueManager.cs
  artifactKey: Guid(0537a8de26e9957419eac616bfd44802) Importer(815301076,1909f56bfc062723c751e8b465ee728b)
Start importing Assets/Script/DialogueManager.cs using Guid(0537a8de26e9957419eac616bfd44802) Importer(815301076,1909f56bfc062723c751e8b465ee728b) (PreviewImporter) -> (artifact id: 'a993b61483d22290ad0414b0619245fa') in 0.0005778 seconds
Number of updated asset objects reloaded before import = 0Number of asset objects unloaded after import = 0

========================================================================
Received Import Request.
  Time since last request: 0.413466 seconds.
  path: Assets/Script/DoorInteract.cs
  artifactKey: Guid(5ef904c7fcda91642a5a58dd78614d85) Importer(815301076,1909f56bfc062723c751e8b465ee728b)
Start importing Assets/Script/DoorInteract.cs using Guid(5ef904c7fcda91642a5a58dd78614d85) Importer(815301076,1909f56bfc062723c751e8b465ee728b) (PreviewImporter) -> (artifact id: '34d600b03b3c5317cd806ca601812c43') in 0.0007101 seconds
Number of updated asset objects reloaded before import = 0Number of asset objects unloaded after import = 0

========================================================================
Received Import Request.
  Time since last request: 1.048590 seconds.
  path: Assets/Script/DoorKeypad.cs
  artifactKey: Guid(5d58616d2a3e5764384df13124aaf6aa) Importer(815301076,1909f56bfc062723c751e8b465ee728b)
Start importing Assets/Script/DoorKeypad.cs using Guid(5d58616d2a3e5764384df13124aaf6aa) Importer(815301076,1909f56bfc062723c751e8b465ee728b) (PreviewImporter) -> (artifact id: 'b63a169c539ccdfceff561ac85d07491') in 0.0005888 seconds
Number of updated asset objects reloaded before import = 0Number of asset objects unloaded after import = 0

========================================================================
Received Import Request.
  Time since last request: 0.999552 seconds.
  path: Assets/Script/Hide.cs
  artifactKey: Guid(526a0287e25668c44a24a6340cf02215) Importer(815301076,1909f56bfc062723c751e8b465ee728b)
Start importing Assets/Script/Hide.cs using Guid(526a0287e25668c44a24a6340cf02215) Importer(815301076,1909f56bfc062723c751e8b465ee728b) (PreviewImporter) -> (artifact id: 'd3aa957ae1dc3bba78ac8d08a8d64445') in 0.0006796 seconds
Number of updated asset objects reloaded before import = 0Number of asset objects unloaded after import = 0

========================================================================
Received Import Request.
  Time since last request: 2.718882 seconds.
  path: Assets/Script/IClickable.cs
  artifactKey: Guid(a7503c8f9b2239549baa28de17dfe179) Importer(815301076,1909f56bfc062723c751e8b465ee728b)
Start importing Assets/Script/IClickable.cs using Guid(a7503c8f9b2239549baa28de17dfe179) Importer(815301076,1909f56bfc062723c751e8b465ee728b) (PreviewImporter) -> (artifact id: 'f70c6e78d9ac7991d7e8e86af0d30711') in 0.0006136 seconds
Number of updated asset objects reloaded before import = 0Number of asset objects unloaded after import = 0

========================================================================
Received Import Request.
  Time since last request: 1.330082 seconds.
  path: Assets/Script/IHoverable.cs
  artifactKey: Guid(deb37c69e0d35c242b170453c6c3954e) Importer(815301076,1909f56bfc062723c751e8b465ee728b)
Start importing Assets/Script/IHoverable.cs using Guid(deb37c69e0d35c242b170453c6c3954e) Importer(815301076,1909f56bfc062723c751e8b465ee728b) (PreviewImporter) -> (artifact id: 'a2b1cf7526399cfa9eb42972bb10a894') in 0.000936 seconds
Number of updated asset objects reloaded before import = 0Number of asset objects unloaded after import = 0

========================================================================
Received Import Request.
  Time since last request: 1.120033 seconds.
  path: Assets/Script/PigeonNest.cs
  artifactKey: Guid(74ce42f920dac774bbedb745cd5f4da4) Importer(815301076,1909f56bfc062723c751e8b465ee728b)
Start importing Assets/Script/PigeonNest.cs using Guid(74ce42f920dac774bbedb745cd5f4da4) Importer(815301076,1909f56bfc062723c751e8b465ee728b) (PreviewImporter) -> (artifact id: '732eaabcfc96d99b97586030d5dd1d77') in 0.0005847 seconds
Number of updated asset objects reloaded before import = 0Number of asset objects unloaded after import = 0

========================================================================
Received Import Request.
  Time since last request: 2.363530 seconds.
  path: Assets/Script/ParallaxLayer.cs
  artifactKey: Guid(54d74027639c07d4e951fb3356beab3c) Importer(815301076,1909f56bfc062723c751e8b465ee728b)
Start importing Assets/Script/ParallaxLayer.cs using Guid(54d74027639c07d4e951fb3356beab3c) Importer(815301076,1909f56bfc062723c751e8b465ee728b) (PreviewImporter) -> (artifact id: 'fbef34e84607588277c9f727e0611905') in 0.0008705 seconds
Number of updated asset objects reloaded before import = 0Number of asset objects unloaded after import = 0

========================================================================
Received Import Request.
  Time since last request: 1.567855 seconds.
  path: Assets/Script/MonsterPatrol.cs
  artifactKey: Guid(4a9b88d55926c1140ad34ec3e8e6fe35) Importer(815301076,1909f56bfc062723c751e8b465ee728b)
Start importing Assets/Script/MonsterPatrol.cs using Guid(4a9b88d55926c1140ad34ec3e8e6fe35) Importer(815301076,1909f56bfc062723c751e8b465ee728b) (PreviewImporter) -> (artifact id: 'f5308e1296d6d8a6d859fccb3249bffb') in 0.000644 seconds
Number of updated asset objects reloaded before import = 0Number of asset objects unloaded after import = 0

========================================================================
Received Import Request.
  Time since last request: 0.988324 seconds.
  path: Assets/Script/ManholeInteract.cs
  artifactKey: Guid(03bbe2b810a22be4c8b1db05ff72cc7e) Importer(815301076,1909f56bfc062723c751e8b465ee728b)
Start importing Assets/Script/ManholeInteract.cs using Guid(03bbe2b810a22be4c8b1db05ff72cc7e) Importer(815301076,1909f56bfc062723c751e8b465ee728b) (PreviewImporter) -> (artifact id: '227687bb08d79ab387c9457e5d2e4c15') in 0.0008189 seconds
Number of updated asset objects reloaded before import = 0Number of asset objects unloaded after import = 0

========================================================================
Received Import Request.
  Time since last request: 1.457733 seconds.
  path: Assets/Script/MainMenuCat.cs
  artifactKey: Guid(b12e6f30684bd1e46aa746ab73773967) Importer(815301076,1909f56bfc062723c751e8b465ee728b)
Start importing Assets/Script/MainMenuCat.cs using Guid(b12e6f30684bd1e46aa746ab73773967) Importer(815301076,1909f56bfc062723c751e8b465ee728b) (PreviewImporter) -> (artifact id: 'd7580d94b2fec053d0b7f9f0eddfd33b') in 0.0007784 seconds
Number of updated asset objects reloaded before import = 0Number of asset objects unloaded after import = 0

========================================================================
Received Import Request.
  Time since last request: 1.265359 seconds.
  path: Assets/Script/LightsOutPuzzle.cs
  artifactKey: Guid(a2b830c0a3f0bc345be7233d198a8410) Importer(815301076,1909f56bfc062723c751e8b465ee728b)
Start importing Assets/Script/LightsOutPuzzle.cs using Guid(a2b830c0a3f0bc345be7233d198a8410) Importer(815301076,1909f56bfc062723c751e8b465ee728b) (PreviewImporter) -> (artifact id: 'f7bc58394efb95fe182b6829b31d3e38') in 0.0005978 seconds
Number of updated asset objects reloaded before import = 0Number of asset objects unloaded after import = 0

========================================================================
Received Import Request.
  Time since last request: 3.218010 seconds.
  path: Assets/Script/LightsOutManager.cs
  artifactKey: Guid(d8172bc5899fec240b9016258b2f45db) Importer(815301076,1909f56bfc062723c751e8b465ee728b)
Start importing Assets/Script/LightsOutManager.cs using Guid(d8172bc5899fec240b9016258b2f45db) Importer(815301076,1909f56bfc062723c751e8b465ee728b) (PreviewImporter) -> (artifact id: 'e0ad4df7307164b319c1b5ba53db7d34') in 0.0007754 seconds
Number of updated asset objects reloaded before import = 0Number of asset objects unloaded after import = 0

========================================================================
Received Import Request.
  Time since last request: 1.010180 seconds.
  path: Assets/Script/LevelExitTrigger.cs
  artifactKey: Guid(458ff921cac0ffb42a9d6120529fc808) Importer(815301076,1909f56bfc062723c751e8b465ee728b)
Start importing Assets/Script/LevelExitTrigger.cs using Guid(458ff921cac0ffb42a9d6120529fc808) Importer(815301076,1909f56bfc062723c751e8b465ee728b) (PreviewImporter) -> (artifact id: '4b50a9897e773bf55d3593c7f0a98869') in 0.0007925 seconds
Number of updated asset objects reloaded before import = 0Number of asset objects unloaded after import = 0

========================================================================
Received Import Request.
  Time since last request: 0.908190 seconds.
  path: Assets/Script/KeyPadPuzzle.cs
  artifactKey: Guid(ef6cd99cae53d534c903ba09d1233877) Importer(815301076,1909f56bfc062723c751e8b465ee728b)
Start importing Assets/Script/KeyPadPuzzle.cs using Guid(ef6cd99cae53d534c903ba09d1233877) Importer(815301076,1909f56bfc062723c751e8b465ee728b) (PreviewImporter) -> (artifact id: '61f94ddf2c2ec867ea590e347aa69b93') in 0.0006046 seconds
Number of updated asset objects reloaded before import = 0Number of asset objects unloaded after import = 0

========================================================================
Received Import Request.
  Time since last request: 1.526253 seconds.
  path: Assets/Script/ItemCollectible.cs
  artifactKey: Guid(4d85db60c5be5494cbc31d121f2ca779) Importer(815301076,1909f56bfc062723c751e8b465ee728b)
Start importing Assets/Script/ItemCollectible.cs using Guid(4d85db60c5be5494cbc31d121f2ca779) Importer(815301076,1909f56bfc062723c751e8b465ee728b) (PreviewImporter) -> (artifact id: '53cdf7d570682d121ec0305628848b3a') in 0.0008432 seconds
Number of updated asset objects reloaded before import = 0Number of asset objects unloaded after import = 0

========================================================================
Received Import Request.
  Time since last request: 1.417737 seconds.
  path: Assets/Script/StickyNote.cs
  artifactKey: Guid(18f0186506a6f24478113c8d63c187db) Importer(815301076,1909f56bfc062723c751e8b465ee728b)
Start importing Assets/Script/StickyNote.cs using Guid(18f0186506a6f24478113c8d63c187db) Importer(815301076,1909f56bfc062723c751e8b465ee728b) (PreviewImporter) -> (artifact id: 'e62a0a869756a6df38d77b541b1922cd') in 0.0007322 seconds
Number of updated asset objects reloaded before import = 0Number of asset objects unloaded after import = 0

========================================================================
Received Import Request.
  Time since last request: 0.912732 seconds.
  path: Assets/Script/ScrollTexture.cs
  artifactKey: Guid(b6f489cd4af2eeb479a4ed2d25c24cd0) Importer(815301076,1909f56bfc062723c751e8b465ee728b)
Start importing Assets/Script/ScrollTexture.cs using Guid(b6f489cd4af2eeb479a4ed2d25c24cd0) Importer(815301076,1909f56bfc062723c751e8b465ee728b) (PreviewImporter) -> (artifact id: '8b5842aeb2887cc231de5cd5ca15bd27') in 0.001037 seconds
Number of updated asset objects reloaded before import = 0Number of asset objects unloaded after import = 0

========================================================================
Received Import Request.
  Time since last request: 1.053166 seconds.
  path: Assets/Script/InfiniteScrollBackground.cs
  artifactKey: Guid(184cf1b1e348b0c43bce7d2b5962e14d) Importer(815301076,1909f56bfc062723c751e8b465ee728b)
Start importing Assets/Script/InfiniteScrollBackground.cs using Guid(184cf1b1e348b0c43bce7d2b5962e14d) Importer(815301076,1909f56bfc062723c751e8b465ee728b) (PreviewImporter) -> (artifact id: 'a5ad804fc71516a25abbb70c7d70cd3a') in 0.0006107 seconds
Number of updated asset objects reloaded before import = 0Number of asset objects unloaded after import = 0

========================================================================
Received Import Request.
  Time since last request: 0.611897 seconds.
  path: Assets/Script/IInteractable.cs
  artifactKey: Guid(f4317bf5ddde0b2478710d0513bcd5c4) Importer(815301076,1909f56bfc062723c751e8b465ee728b)
Start importing Assets/Script/IInteractable.cs using Guid(f4317bf5ddde0b2478710d0513bcd5c4) Importer(815301076,1909f56bfc062723c751e8b465ee728b) (PreviewImporter) -> (artifact id: 'b3a23e75e75bfae669daa13dccfe54ef') in 0.0008611 seconds
Number of updated asset objects reloaded before import = 0Number of asset objects unloaded after import = 0

========================================================================
Received Import Request.
  Time since last request: 1.439306 seconds.
  path: Assets/Script/Player.cs
  artifactKey: Guid(dbcef94c03115824fbd2f12ae5843d40) Importer(815301076,1909f56bfc062723c751e8b465ee728b)
Start importing Assets/Script/Player.cs using Guid(dbcef94c03115824fbd2f12ae5843d40) Importer(815301076,1909f56bfc062723c751e8b465ee728b) (PreviewImporter) -> (artifact id: 'f1548d082b08d3b30178e46487f6db15') in 0.0006302 seconds
Number of updated asset objects reloaded before import = 0Number of asset objects unloaded after import = 0

